Date,Rainfall,Modal Price (Rs./Quintal),Max Price (Rs./Quintal)
2009-08-30,332.7,1620,1630
2010-11-02,6.3,590,600
2010-06-18,189.3,400,400
2012-10-29,64.2,1180,1200
2012-12-23,24.6,920,920
2013-07-01,263.2,750,760
2014-02-11,42.2,640,650
2015-03-20,19.3,330,340
2016-03-08,14.7,1140,1160
2017-04-07,25.8,530,540
2009-12-31,0.3,680,700
2010-03-09,8.0,190,200
2016-06-15,172.7,1600,1600
2017-08-08,264.5,630,640
2017-12-16,14.0,580,600
2012-02-19,15.3,440,450
2014-10-31,56.9,1800,1820
2017-09-25,191.4,560,560
2009-04-05,2.6,830,840
2009-07-06,277.6,1250,1260
2010-09-06,192.6,460,470
2016-05-16,111.9,1580,1600
2009-09-04,294.6,1620,1630
2010-07-01,196.3,400,400
2013-12-27,0.0,1420,1430
2014-03-14,19.9,920,930
2014-12-11,0.6,1680,1700
2009-04-02,2.6,800,810
2010-11-03,6.3,580,590
2011-03-22,40.5,430,440
2011-07-26,219.9,570,570
2012-12-03,24.6,1140,1150
2014-09-02,229.5,1720,1730
2015-08-27,260.6,610,620
2015-11-01,2.3,780,800
2016-07-13,334.7,1700,1720
2014-08-19,292.6,1780,1780
2014-10-05,56.9,1740,1750
2016-12-20,0.0,620,630
2017-01-13,1.4,440,460
2017-06-02,193.7,680,690
2013-09-24,254.0,730,740
2014-01-15,0.9,1350,1360
2015-07-25,633.1,570,580
2017-05-08,106.3,700,700
2009-09-28,294.6,1670,1680
2013-07-06,263.2,760,770
2010-03-09,8.0,260,270
2011-12-03,1.4,380,390
2015-10-28,32.7,680,690
2016-06-21,172.7,1600,1620
2016-08-09,416.7,1680,1700
2017-03-09,35.2,410,420
2009-09-13,294.6,1540,1550
2009-11-19,9.4,1480,1490
2011-01-29,2.5,340,350
2011-09-08,295.9,600,600
2014-02-02,42.2,640,650
2014-11-26,0.1,1880,1890
2010-07-09,196.3,390,390
2011-06-19,434.5,600,610
2012-08-04,261.4,1200,1220
2015-08-25,260.6,610,620
2015-11-29,2.3,800,820
2010-02-21,10.3,260,270
2012-01-04,40.7,230,240
2014-09-09,229.5,1750,1760
2015-10-02,32.7,610,620
2017-02-06,0.0,360,380
2011-02-14,2.7,300,310
2012-02-27,15.3,490,500
2013-05-19,195.9,850,860
2015-03-15,19.3,360,370
2010-03-20,8.0,150,160
2012-09-15,246.9,1060,1070
2012-12-08,24.6,1030,1040
2015-01-24,12.9,580,600
2017-02-23,0.0,280,300
2015-02-02,5.5,520,520
2015-10-24,32.7,660,670
2015-03-03,19.3,500,510
2016-06-14,172.7,1600,1600
2017-01-27,1.4,380,400
2009-09-14,294.6,1520,1530
2012-06-12,146.6,1110,1120
2015-09-21,164.0,620,630
2017-02-11,0.0,340,340
2009-06-19,69.7,1170,1180
2013-01-14,2.5,800,800
2016-02-22,37.9,870,880
2009-05-20,229.0,1010,1020
2011-08-16,443.2,580,590
2012-04-10,57.7,940,950
2015-10-27,32.7,690,700
2017-11-13,21.9,640,660
2011-03-30,40.5,390,400
2012-05-27,44.2,1030,1040
2012-10-15,64.2,1100,1110
2014-01-31,0.9,660,670
2014-07-03,298.7,1400,1410
2016-03-18,14.7,1260,1280
2016-07-23,334.7,1700,1720
2017-07-20,489.3,580,580
2009-06-25,69.7,1240,1250
2009-07-31,277.6,1250,1260
2014-05-19,124.4,1370,1380
2014-06-14,193.6,1400,1410
2009-03-06,17.9,640,650
2009-11-17,9.4,1510,1520
2009-12-26,0.3,900,910
2010-05-21,127.5,400,410
2010-06-08,189.3,390,390
2014-03-06,19.9,700,710
2015-06-20,247.2,630,640
2015-07-15,633.1,590,600
2010-08-13,192.6,410,420
2013-07-14,263.2,770,780
2010-01-15,0.2,400,410
2012-03-26,4.4,750,760
2012-07-01,315.0,1250,1260
2016-11-05,19.2,1470,1480
2016-06-22,172.7,1600,1600
2011-11-23,1.3,460,470
2012-09-09,246.9,1080,1080
2014-09-04,229.5,1700,1700
2014-10-15,56.9,1740,1760
2017-09-24,191.4,560,560
2014-09-24,229.5,1670,1680
2014-09-27,229.5,1670,1680
2014-11-28,0.1,1860,1880
2011-08-15,443.2,580,590
2014-05-28,124.4,1360,1370
2014-07-27,298.7,1470,1480
2016-11-25,19.2,1160,1170
2013-10-13,353.2,880,890
2014-03-08,19.9,760,770
2014-11-10,0.1,1800,1800
2011-07-23,219.9,570,570
2013-06-07,233.4,790,800
2015-07-14,633.1,590,600
2009-10-25,77.3,1720,1730
2012-05-21,44.2,1040,1050
2016-06-02,172.7,1540,1550
2017-04-10,25.8,560,570
2017-12-10,14.0,670,680
2010-08-04,192.6,415,420
2014-11-27,0.1,1900,1910
2017-02-27,0.0,370,380
2012-05-18,44.2,1040,1050
2013-02-28,10.0,530,540
2014-04-04,1.9,1090,1100
2011-03-11,40.5,450,460
2012-08-25,261.4,1120,1130
2014-10-14,56.9,1770,1780
2017-01-14,1.4,420,440
2017-09-01,191.4,620,630
2010-10-19,96.2,680,690
2011-06-23,434.5,610,610
2011-11-06,1.3,460,470
2014-06-13,193.6,1400,1410
2017-03-16,35.2,450,460
2013-08-26,401.4,770,780
2014-10-17,56.9,1720,1740
2014-12-06,0.6,1820,1820
2015-12-14,6.3,720,730
2016-08-01,416.7,1700,1700
2009-07-10,277.6,1270,1280
2014-07-31,298.7,1490,1500
2014-12-19,0.6,1580,1600
2015-04-25,88.7,470,480
2010-01-20,0.2,310,320
2010-02-24,10.3,230,240
2016-03-03,14.7,1020,1040
2017-10-22,225.2,620,630
2009-05-04,229.0,980,990
2010-06-11,189.3,390,400
2010-09-21,192.6,550,560
2015-07-30,633.1,640,650
2010-02-28,10.3,210,220
2013-08-27,401.4,770,780
2017-08-15,264.5,620,630
2011-03-22,40.5,390,400
2015-08-22,260.6,610,620
2017-10-17,225.2,600,620
2015-12-26,6.3,800,810
2013-01-15,2.5,780,780
2009-10-02,77.3,1660,1670
2009-10-30,77.3,1770,1780
2009-11-01,9.4,1760,1770
2017-12-09,14.0,670,680
2009-04-10,2.6,850,860
2010-02-01,10.3,310,320
2011-03-24,40.5,370,380
2013-01-22,2.5,720,720
2017-04-25,25.8,660,670
2012-05-13,44.2,1060,1070
2012-06-01,146.6,1040,1050
2017-02-02,0.0,360,380
2009-08-26,332.7,1490,1500
2011-01-25,2.5,380,390
2011-03-19,40.5,410,420
2013-03-02,4.8,520,530
2015-11-22,2.3,910,920
2009-02-19,1.4,490,500
2010-03-18,8.0,200,210
2010-08-17,192.6,420,430
2010-06-15,189.3,400,410
2012-02-18,15.3,460,460
2014-07-30,298.7,1490,1500
2015-06-24,247.2,620,620
2010-03-05,8.0,170,180
2014-01-09,0.9,1500,1500
2014-03-10,19.9,800,810
2017-02-18,0.0,300,320
2011-04-22,75.0,530,540
2013-08-15,401.4,760,770
2013-08-16,401.4,760,770
2014-06-18,193.6,1400,1410
2015-07-22,633.1,570,580
2017-06-03,193.7,680,690
2010-08-05,192.6,415,425
2012-03-20,4.4,670,680
2012-07-25,315.0,1120,1130
2013-06-03,233.4,780,790
2015-02-05,5.5,500,510
2015-06-10,247.2,640,650
2011-03-01,40.5,440,450
2012-03-07,4.4,540,550
2014-02-26,42.2,640,650
2014-03-02,19.9,780,790
2016-06-03,172.7,1540,1550
2009-02-24,1.4,510,520
2011-09-25,295.9,540,550
2009-10-11,77.3,1680,1690
2010-04-22,15.9,290,300
2011-03-31,40.5,390,400
2012-04-01,57.7,970,980
2014-06-07,193.6,1370,1370
2009-07-27,277.6,1240,1250
2014-07-29,298.7,1490,1500
2014-11-14,0.1,1780,1800
2016-01-18,9.9,820,830
2011-11-10,1.3,440,450
2012-08-30,261.4,1120,1130
2015-05-10,57.6,570,580
2016-06-16,172.7,1630,1640
2016-07-29,334.7,1700,1700
2010-03-22,8.0,150,160
2015-07-01,633.1,600,610
2017-10-06,225.2,540,550
2011-06-15,434.5,580,590
2013-08-20,401.4,790,800
2014-01-14,0.9,1300,1310
2013-11-21,0.0,1270,1270
2010-02-02,10.3,300,310
2013-03-07,4.8,450,460
2017-01-16,1.4,400,420
2012-05-19,44.2,1040,1050
2015-06-04,247.2,630,640
2009-12-23,0.3,910,930
2012-02-12,15.3,470,480
2015-02-09,5.5,540,560
2016-02-16,37.9,660,670
2017-07-10,489.3,590,600
2012-01-29,40.7,410,410
2017-08-06,264.5,630,640
2011-03-27,40.5,410,420
2011-08-26,443.2,590,590
2016-01-11,9.9,840,850
2016-08-04,416.7,1680,1700
2013-01-19,2.5,680,690
2013-05-03,195.9,830,840
2010-03-15,8.0,230,240
2014-07-01,298.7,1420,1430
2010-07-11,196.3,390,400
2013-06-17,233.4,780,790
2015-01-21,12.9,620,630
2017-09-29,191.4,580,600
2013-09-09,254.0,750,760
2017-04-27,25.8,660,660
2010-04-10,15.9,240,250
2010-06-24,189.3,400,410
2010-07-29,196.3,410,420
2012-03-11,4.4,610,620
2012-11-09,47.0,1170,1180
2013-06-16,233.4,780,790
2015-10-17,32.7,590,600
2016-07-21,334.7,1700,1720
2017-08-24,264.5,650,660
2017-10-28,225.2,680,700
2009-09-23,294.6,1680,1690
2013-06-18,233.4,780,790
2015-10-01,32.7,610,620
2017-11-10,21.9,640,660
2012-03-29,4.4,850,860
2015-01-23,12.9,600,600
2016-03-01,14.7,980,1000
2016-05-02,111.9,1700,1720
2010-05-19,127.5,390,400
2011-04-24,75.0,540,540
2012-09-03,246.9,1120,1130
2017-06-28,193.7,640,650
2015-01-02,12.9,1050,1060
2009-03-08,17.9,640,650
2011-06-14,434.5,580,590
2015-05-09,57.6,580,590
2017-06-22,193.7,650,660
2009-09-15,294.6,1550,1560
2011-10-17,36.9,510,520
2010-03-21,8.0,150,160
2012-03-11,4.4,540,550
2012-08-16,261.4,1180,1190
2016-03-09,14.7,1180,1200
2016-10-27,69.8,1560,1570
2017-05-12,106.3,680,690
2011-03-08,40.5,480,490
2011-03-15,40.5,450,460
2014-05-12,124.4,1380,1390
2016-06-23,172.7,1600,1600
2010-07-13,196.3,390,400
2011-09-07,295.9,600,600
2013-10-22,353.2,1080,1100
2010-12-05,29.7,630,630
2013-02-20,10.0,530,540
2015-09-29,164.0,620,630
2009-05-06,229.0,980,990
2011-06-16,434.5,590,600
2015-07-28,633.1,590,600
2017-08-02,264.5,620,630
2009-08-12,332.7,1280,1290
2010-11-17,6.3,680,690
2011-09-01,295.9,590,600
2011-10-24,36.9,510,510
2011-11-20,1.3,460,470
2015-04-14,88.7,470,470
2017-06-08,193.7,660,670
2010-02-22,10.3,270,280
2010-07-15,196.3,390,400
2013-08-04,401.4,750,760
2010-10-12,96.2,650,660
2013-03-06,4.8,520,530
2014-10-21,56.9,1740,1760
2014-11-30,0.1,1840,1850
2009-09-21,294.6,1660,1670
2014-12-31,0.6,1440,1460
2016-04-09,5.8,1420,1430
2011-06-09,434.5,590,600
2014-03-19,19.9,950,960
2014-05-18,124.4,1370,1380
2014-07-15,298.7,1420,1430
2015-07-13,633.1,580,600
2016-10-23,69.8,1620,1630
2011-02-06,2.7,300,310
2015-09-01,164.0,600,610
2016-03-12,14.7,1270,1280
2017-01-31,1.4,360,380
2017-05-31,106.3,680,690
2010-11-12,6.3,590,590
2012-07-27,315.0,1140,1150
2012-11-30,47.0,1170,1180
2014-02-03,42.2,640,650
2015-03-06,19.3,480,490
2017-03-21,35.2,430,440
2010-02-04,10.3,270,280
2013-12-22,0.0,1340,1350
2014-01-06,0.9,1540,1550
2009-03-16,17.9,660,670
2009-09-25,294.6,1670,1680
2010-03-03,8.0,220,230
2012-03-28,4.4,830,840
2013-12-02,0.0,1230,1230
2015-05-06,57.6,620,630
2010-02-11,10.3,290,300
2010-05-02,127.5,460,470
2012-02-15,15.3,460,470
2012-06-11,146.6,1050,1060
2009-07-25,277.6,1240,1250
2015-04-13,88.7,460,470
2015-12-16,6.3,720,730
2017-02-12,0.0,320,330
2017-07-18,489.3,580,580
2011-12-11,1.4,320,330
2014-12-13,0.6,1640,1650
2016-08-19,416.7,1660,1680
2010-08-02,192.6,410,420
2012-06-29,146.6,1270,1280
2017-04-18,25.8,640,660
2009-06-05,69.7,1010,1020
2010-06-01,189.3,390,400
2010-01-30,0.2,280,290
2012-02-23,15.3,410,420
2012-02-16,15.3,470,470
2013-03-18,4.8,540,540
2016-01-27,9.9,700,720
2016-08-14,416.7,1700,1720
2016-09-27,233.7,1550,1560
2009-06-22,69.7,1180,1190
2010-10-28,96.2,630,640
2011-03-07,40.5,450,460
2012-12-06,24.6,1020,1030
2017-10-25,225.2,620,630
2012-07-14,315.0,1160,1170
2011-11-15,1.3,420,420
2012-01-22,40.7,470,480
2013-01-08,2.5,920,930
2016-07-17,334.7,1720,1740
2016-08-06,416.7,1680,1700
2017-05-10,106.3,680,690
2012-11-20,47.0,1300,1310
2017-04-19,25.8,640,640
2009-02-09,1.4,400,410
2010-03-17,8.0,210,220
2010-06-25,189.3,410,420
2010-10-22,96.2,690,690
2012-09-23,246.9,1190,1200
2014-09-08,229.5,1690,1700
2015-05-23,57.6,610,620
2009-05-26,229.0,1010,1020
2010-01-05,0.2,530,540
2013-01-11,2.5,960,960
2013-11-07,0.0,1220,1230
2017-01-22,1.4,400,420
2010-03-22,8.0,190,200
2011-02-13,2.7,300,310
2009-06-27,69.7,1230,1240
2011-07-25,219.9,570,570
2012-04-26,57.7,940,950
2012-05-14,44.2,1060,1070
2012-06-08,146.6,1050,1060
2015-02-13,5.5,520,540
2017-08-28,264.5,650,660
2014-01-08,0.9,1560,1570
2011-03-21,40.5,420,430
2013-07-20,263.2,770,780
2017-11-28,21.9,640,650
2009-04-12,2.6,860,870
2010-03-06,8.0,170,180
2010-05-08,127.5,440,450
2011-11-27,1.3,450,460
2017-06-24,193.7,650,660
2010-02-02,10.3,320,330
2014-02-19,42.2,660,670
2016-04-04,5.8,1460,1470
2011-08-05,443.2,540,550
2013-04-16,45.6,720,730
2014-07-07,298.7,1390,1400
2015-10-05,32.7,610,620
2012-05-06,44.2,1070,1080
2016-04-24,5.8,1540,1550
2016-12-28,0.0,480,500
2017-12-27,14.0,450,470
2010-05-05,127.5,440,450
2011-08-31,443.2,590,600
2015-02-01,5.5,520,530
2016-04-01,5.8,1440,1450
2017-03-19,35.2,430,440
2017-06-06,193.7,670,680
2009-08-19,332.7,1360,1380
2010-07-10,196.3,390,390
2013-02-23,10.0,500,510
2017-08-04,264.5,620,630
2010-12-28,29.7,630,630
2017-10-20,225.2,640,650
2017-11-21,21.9,650,660
2010-06-09,189.3,400,410
2010-11-20,6.3,650,660
2012-09-19,246.9,1070,1080
2013-03-14,4.8,400,400
2016-08-31,416.7,1670,1680
2016-12-19,0.0,640,650
2017-04-06,25.8,530,540
2017-11-25,21.9,640,650
2013-06-27,233.4,760,770
2015-12-08,6.3,790,800
2013-02-01,10.0,630,640
2014-10-11,56.9,1760,1770
2012-02-17,15.3,470,470
2017-05-04,106.3,690,700
2009-11-26,9.4,1280,1290
2012-10-16,64.2,1100,1110
2013-09-22,254.0,730,740
2009-12-05,0.3,1640,1650
2010-05-27,127.5,390,400
2011-02-26,2.7,440,450
2011-10-14,36.9,540,550
2013-06-04,233.4,780,790
2013-06-30,233.4,760,770
2014-07-19,298.7,1400,1410
2014-07-25,298.7,1450,1460
2016-10-18,69.8,1600,1620
2017-01-26,1.4,380,400
2009-02-15,1.4,440,450
2012-06-03,146.6,1040,1050
2015-03-28,19.3,500,510
2016-03-03,14.7,900,930
2011-12-18,1.4,300,310
2012-09-26,246.9,1140,1150
2009-03-03,17.9,620,630
2009-07-18,277.6,1250,1260
2010-03-24,8.0,200,210
2012-01-15,40.7,270,280
2013-05-10,195.9,890,900
2015-06-16,247.2,650,660
2016-10-28,69.8,1520,1540
2017-01-28,1.4,380,400
2017-05-18,106.3,680,690
2009-10-03,77.3,1670,1680
2011-01-30,2.5,330,340
2012-11-02,47.0,1150,1160
2017-10-18,225.2,620,630
2009-06-17,69.7,1160,1170
2011-06-10,434.5,590,600
2011-12-13,1.4,330,330
2012-03-02,4.4,440,450
2012-07-08,315.0,1200,1210
2014-08-30,292.6,1720,1730
2017-10-31,225.2,700,700
2013-02-17,10.0,550,560
2014-08-23,292.6,1720,1730
2009-09-24,294.6,1670,1680
2012-11-18,47.0,1270,1280
2013-02-16,10.0,540,550
2013-03-19,4.8,460,470
2014-10-16,56.9,1720,1740
2015-08-09,260.6,620,630
2009-04-28,2.6,940,950
2009-12-04,0.3,1600,1610
2010-05-06,127.5,450,460
2011-08-18,443.2,580,590
2012-12-25,24.6,880,900
2013-03-28,4.8,560,570
2014-12-26,0.6,1480,1500
2016-11-13,19.2,1300,1320
2011-03-11,40.5,490,500
2014-03-10,19.9,880,890
2016-01-10,9.9,850,860
2016-08-08,416.7,1680,1700
2016-10-09,69.8,1640,1660
2009-05-09,229.0,990,1000
2012-10-07,64.2,1100,1110
2013-01-17,2.5,720,720
2009-12-14,0.3,1600,1610
2010-08-19,192.6,420,420
2011-06-22,434.5,610,610
2016-01-21,9.9,780,790
2009-10-06,77.3,1670,1680
2010-04-20,15.9,280,290
2015-03-16,19.3,350,360
2016-06-12,172.7,1600,1600
2014-04-18,1.9,1250,1260
2015-08-21,260.6,610,620
2017-05-01,106.3,660,660
2017-09-14,191.4,550,560
2013-03-05,4.8,480,490
2013-11-29,0.0,1280,1290
2014-08-24,292.6,1700,1720
2017-05-30,106.3,680,690
2009-06-18,69.7,1160,1170
2010-03-10,8.0,240,250
2014-09-25,229.5,1670,1680
2015-12-31,6.3,850,860
2009-04-19,2.6,960,970
2009-06-15,69.7,1140,1150
2010-02-18,10.3,290,300
2012-07-22,315.0,1100,1110
2013-09-29,254.0,700,710
2014-09-26,229.5,1670,1680
2017-10-23,225.2,620,630
2009-11-04,9.4,1740,1750
2010-01-22,0.2,300,310
2010-09-25,192.6,720,730
2009-11-15,9.4,1530,1540
2010-06-22,189.3,390,400
2010-12-22,29.7,570,580
2012-06-04,146.6,1040,1050
2013-03-16,4.8,440,450
2013-12-23,0.0,1360,1370
2010-03-13,8.0,220,230
2011-08-14,443.2,580,580
2014-02-07,42.2,630,640
2013-11-23,0.0,1270,1270
2015-09-24,164.0,620,630
2015-03-13,19.3,410,420
2015-04-24,88.7,470,480
2016-02-06,37.9,680,690
2016-10-21,69.8,1640,1650
2017-10-07,225.2,540,550
2010-09-09,192.6,490,500
2012-08-14,261.4,1200,1210
2016-10-24,69.8,1600,1620
2011-02-23,2.7,350,360
2012-05-29,44.2,1040,1050
2013-10-19,353.2,1020,1030
2017-10-29,225.2,700,700
2010-02-11,10.3,270,280
2010-08-15,192.6,420,430
2012-05-15,44.2,1050,1060
2012-12-26,24.6,840,860
2013-09-14,254.0,740,750
2014-01-18,0.9,920,930
2016-05-10,111.9,1560,1580
2010-04-21,15.9,280,290
2012-02-29,15.3,460,460
2012-05-22,44.2,1040,1050
2009-07-23,277.6,1230,1240
2010-02-03,10.3,290,300
2011-09-04,295.9,600,610
2011-10-26,36.9,500,500
2015-05-16,57.6,620,630
2016-12-14,0.0,660,660
2009-03-14,17.9,650,660
2009-06-10,69.7,1070,1080
2010-09-05,192.6,460,470
2010-12-11,29.7,620,620
2011-03-30,40.5,430,440
2015-07-03,633.1,590,600
2016-07-03,334.7,1660,1660
2017-04-11,25.8,570,570
2009-05-02,229.0,970,980
2009-08-05,332.7,1270,1280
2011-02-17,2.7,310,310
2012-12-31,24.6,1020,1030
2011-06-25,434.5,600,600
2011-09-05,295.9,600,610
2015-06-28,247.2,610,620
2009-04-23,2.6,970,980
2011-01-09,2.5,550,560
2015-04-11,88.7,470,480
2016-02-12,37.9,620,630
2016-06-25,172.7,1600,1600
2010-10-07,96.2,690,700
2017-01-22,1.4,420,440
2017-03-01,35.2,460,470
2009-12-26,0.3,850,860
2011-06-30,434.5,590,600
2014-04-11,1.9,1060,1070
2015-10-12,32.7,600,610
2010-03-15,8.0,180,190
2011-03-21,40.5,380,390
2011-05-04,132.6,560,570
2016-12-29,0.0,480,480
2011-12-15,1.4,300,310
2012-11-06,47.0,1220,1230
2015-09-26,164.0,630,640
2016-11-14,19.2,1260,1260
2009-05-29,229.0,980,990
2011-06-02,434.5,590,600
2017-11-29,21.9,640,650
2010-06-20,189.3,400,400
2011-11-09,1.3,450,460
2014-07-12,298.7,1400,1410
2016-09-15,233.7,1650,1660
2009-03-24,17.9,790,800
2013-05-21,195.9,850,850
2014-02-01,42.2,650,660
2009-05-21,229.0,1010,1020
2009-06-13,69.7,1130,1140
2010-06-06,189.3,390,390
2012-03-03,4.4,480,490
2013-07-25,263.2,750,760
2010-11-10,6.3,570,580
2011-05-14,132.6,610,620
2011-07-06,219.9,600,610
2012-06-16,146.6,1120,1130
2013-11-24,0.0,1270,1270
2015-05-07,57.6,600,610
2016-02-27,37.9,840,850
2016-05-14,111.9,1580,1600
2016-08-16,416.7,1680,1700
2016-09-11,233.7,1660,1670
2017-04-30,25.8,660,660
2017-05-24,106.3,660,670
2010-10-08,96.2,700,700
2015-02-23,5.5,470,480
2015-08-17,260.6,610,620
2016-09-02,233.7,1660,1670
2010-03-20,8.0,190,200
2012-04-18,57.7,940,950
2013-10-06,353.2,740,750
2016-05-08,111.9,1560,1580
2017-03-05,35.2,480,480
2012-11-10,47.0,1160,1170
2014-12-16,0.6,1530,1540
2016-02-19,37.9,760,770
2012-02-29,15.3,490,500
2012-06-30,146.6,1260,1270
2014-10-24,56.9,1730,1750
2010-06-13,189.3,390,400
2010-11-16,6.3,700,710
2010-12-16,29.7,630,630
2013-01-31,2.5,630,640
2012-05-30,44.2,1040,1050
2012-11-12,47.0,1170,1180
2015-09-27,164.0,620,630
2017-03-03,35.2,340,350
2016-09-23,233.7,1600,1620
2017-01-13,1.4,460,480
2009-09-18,294.6,1590,1600
2012-06-05,146.6,1040,1050
2012-12-14,24.6,920,930
2017-07-22,489.3,620,630
2010-05-22,127.5,400,410
2016-11-29,19.2,1000,1020
2017-11-23,21.9,650,660
2009-05-10,229.0,1000,1010
2011-08-17,443.2,580,590
2016-04-20,5.8,1480,1480
2017-01-02,1.4,460,480
2011-11-12,1.3,430,430
2013-03-23,4.8,550,560
2013-03-31,4.8,570,580
2014-01-17,0.9,960,980
2015-09-18,164.0,630,640
2015-11-02,2.3,820,830
2010-10-18,96.2,690,700
2010-02-19,10.3,290,300
2011-04-20,75.0,530,540
2013-08-11,401.4,770,780
2016-03-06,14.7,960,970
2012-09-22,246.9,1170,1180
2014-01-04,0.9,1500,1510
2015-12-09,6.3,780,790
2013-11-01,0.0,1250,1260
2017-09-20,191.4,540,550
2009-11-18,9.4,1510,1520
2016-04-18,5.8,1480,1480
2014-06-05,193.6,1360,1370
2015-01-03,12.9,1080,1100
2009-05-24,229.0,1000,1010
2011-12-19,1.4,300,310
2010-10-09,96.2,680,690
2011-11-07,1.3,450,460
2012-04-04,57.7,1000,1020
2014-10-26,56.9,1740,1750
2016-11-09,19.2,1420,1420
2014-11-11,0.1,1800,1800
2013-06-02,233.4,790,800
2014-08-20,292.6,1740,1750
2015-02-25,5.5,470,480
2017-01-24,1.4,400,420
2017-12-20,14.0,560,570
2011-12-21,1.4,300,310
2014-03-17,19.9,930,940
2016-02-28,37.9,860,870
2013-12-26,0.0,1420,1430
2014-07-05,298.7,1410,1420
2015-06-23,247.2,620,630
2016-04-27,5.8,1600,1600
2010-03-01,8.0,210,220
2010-04-14,15.9,260,270
2012-10-03,64.2,1110,1120
2014-05-01,124.4,1340,1350
2016-06-10,172.7,1600,1600
2017-06-09,193.7,660,670
2014-02-23,42.2,640,650
2015-03-09,19.3,440,450
2010-06-14,189.3,390,400
2011-12-08,1.4,320,320
2011-09-14,295.9,570,580
2013-03-24,4.8,540,550
2013-09-07,254.0,750,760
2013-01-09,2.5,940,950
2014-08-29,292.6,1720,1730
2017-05-02,106.3,660,660
2017-08-29,264.5,650,650
2009-11-10,9.4,1570,1580
2010-09-02,192.6,480,490
2011-09-20,295.9,570,580
2015-07-29,633.1,620,630
2013-02-06,10.0,620,630
2016-11-16,19.2,1240,1260
2010-03-08,8.0,230,240
2011-12-10,1.4,310,320
2012-10-20,64.2,1120,1130
2015-04-10,88.7,480,490
2009-04-24,2.6,950,960
2009-12-23,0.3,1000,1020
2011-12-22,1.4,290,300
2015-11-14,2.3,830,840
2012-06-24,146.6,1260,1270
2015-10-09,32.7,600,610
2012-12-24,24.6,900,910
2013-12-14,0.0,1370,1370
2017-08-23,264.5,650,660
2017-01-20,1.4,360,380
2010-07-02,196.3,400,400
2010-07-03,196.3,400,400
2010-10-13,96.2,660,670
2013-03-03,4.8,510,520
2014-12-25,0.6,1480,1500
2015-08-13,260.6,610,620
2016-04-28,5.8,1620,1640
2011-01-03,2.5,600,600
2011-03-04,40.5,430,440
2013-10-28,353.2,1300,1320
2011-09-21,295.9,570,570
2013-09-04,254.0,750,760
2016-10-20,69.8,1640,1650
2017-02-08,0.0,360,380
2009-08-15,332.7,1280,1290
2009-10-07,77.3,1660,1670
2012-02-02,15.3,410,420
2015-08-26,260.6,610,620
2012-02-28,15.3,470,470
2013-01-03,2.5,1020,1030
2013-11-17,0.0,1260,1270
2016-01-16,9.9,840,850
2012-12-28,24.6,900,920
2011-04-06,75.0,470,480
2012-01-08,40.7,260,270
2015-12-23,6.3,800,810
2011-01-12,2.5,540,550
2014-10-09,56.9,1720,1730
2012-08-17,261.4,1180,1190
2013-01-01,2.5,1040,1050
2014-03-28,19.9,930,940
2015-06-12,247.2,650,660
2017-10-04,225.2,550,560
2010-11-01,6.3,590,600
2016-03-24,14.7,1400,1420
2011-03-15,40.5,410,420
2009-05-17,229.0,1030,1040
2012-04-23,57.7,950,960
2013-04-30,45.6,820,830
2016-08-24,416.7,1700,1720
2017-01-04,1.4,440,460
2015-06-08,247.2,630,640
2009-10-19,77.3,1690,1700
2010-02-23,10.3,240,250
2012-03-31,4.4,900,910
2017-10-01,225.2,600,620
2009-03-29,17.9,800,810
2010-09-11,192.6,520,530
2011-08-19,443.2,580,590
2012-01-25,40.7,350,360
2011-12-23,1.4,270,280
2012-05-01,44.2,960,970
2016-03-14,14.7,1280,1300
2009-03-13,17.9,640,650
2009-10-27,77.3,1740,1750
2010-11-04,6.3,550,560
2011-04-19,75.0,530,540
2017-01-07,1.4,420,440
2010-01-10,0.2,400,410
2013-09-02,254.0,760,770
2012-04-14,57.7,980,990
2013-04-26,45.6,840,850
2015-12-28,6.3,800,810
2016-09-18,233.7,1650,1660
2016-10-10,69.8,1640,1660
2009-09-11,294.6,1510,1520
2010-06-30,189.3,400,400
2013-06-11,233.4,790,800
2014-10-28,56.9,1730,1750
2016-11-12,19.2,1340,1340
2011-03-29,40.5,420,430
2015-11-27,2.3,820,830
2011-05-18,132.6,640,640
2014-10-02,56.9,1710,1720
2016-10-26,69.8,1580,1590
2010-01-07,0.2,480,490
2014-03-01,19.9,760,770
2017-11-18,21.9,670,680
2012-03-12,4.4,590,600
2012-09-27,246.9,1140,1150
2014-01-16,0.9,1000,1020
2015-05-17,57.6,620,630
2016-12-30,0.0,460,480
2010-10-29,96.2,630,640
2011-02-08,2.7,310,320
2014-05-23,124.4,1340,1350
2014-03-04,19.9,720,730
2015-11-03,2.3,800,820
2016-11-06,19.2,1470,1480
2013-06-28,233.4,760,770
2017-08-03,264.5,620,630
2009-08-10,332.7,1280,1290
2015-04-01,88.7,560,570
2017-09-09,191.4,580,600
2013-01-27,2.5,620,630
2013-09-12,254.0,740,750
2016-03-11,14.7,1200,1220
2010-01-12,0.2,350,360
2015-02-08,5.5,520,540
2009-11-12,9.4,1550,1560
2010-12-14,29.7,620,630
2013-11-20,0.0,1260,1270
2009-04-30,2.6,960,970
2011-06-17,434.5,600,610
2011-08-22,443.2,610,610
2012-05-12,44.2,1060,1070
2012-09-18,246.9,1070,1080
2014-07-22,298.7,1410,1420
2016-02-17,37.9,660,670
2016-06-08,172.7,1600,1600
2010-06-04,189.3,390,390
2015-03-27,19.3,480,490
2016-03-20,14.7,1270,1280
2013-08-22,401.4,780,790
2016-02-29,37.9,870,880
2010-09-27,192.6,800,800
2011-08-20,443.2,590,600
2011-08-29,443.2,600,610
2013-10-18,353.2,1000,1020
2014-11-18,0.1,1820,1830
2016-08-07,416.7,1680,1700
2017-12-14,14.0,660,660
2009-04-25,2.6,950,960
2009-09-17,294.6,1570,1580
2015-02-04,5.5,500,510
2016-01-12,9.9,840,850
2009-06-09,69.7,1070,1080
2009-07-29,277.6,1240,1250
2016-12-16,0.0,620,640
2011-11-29,1.3,430,440
2011-01-08,2.5,570,580
2012-08-18,261.4,1170,1180
2013-08-30,401.4,760,770
2015-11-06,2.3,740,740
2016-12-25,0.0,540,550
2017-01-25,1.4,380,400
2012-10-08,64.2,1100,1110
2009-10-16,77.3,1670,1680
2011-03-28,40.5,380,390
2015-09-04,164.0,600,610
2017-11-08,21.9,680,700
2010-03-16,8.0,170,180
2012-10-18,64.2,1100,1120
2013-03-09,4.8,470,480
2017-12-02,14.0,640,650
2009-09-02,294.6,1640,1650
2012-06-21,146.6,1200,1210
2017-07-08,489.3,600,610
2009-04-06,2.6,840,850
2009-11-09,9.4,1620,1630
2012-01-31,40.7,390,400
2013-09-21,254.0,740,750
2014-04-22,1.9,1180,1190
2010-12-20,29.7,590,600
2014-12-10,0.6,1700,1720
2015-11-30,2.3,800,820
2012-01-27,40.7,390,400
2014-06-04,193.6,1360,1370
2015-01-06,12.9,1000,1020
2016-07-04,334.7,1660,1660
2010-03-17,8.0,160,170
2011-01-18,2.5,500,500
2013-12-20,0.0,1270,1280
2014-03-13,19.9,860,870
2014-10-08,56.9,1720,1730
2014-12-01,0.6,1830,1840
2017-01-15,1.4,400,420
2012-09-06,246.9,1130,1140
2017-04-01,25.8,480,500
2017-08-07,264.5,630,640
2017-12-31,14.0,400,420
2011-05-20,132.6,630,630
2015-06-11,247.2,650,660
2017-12-04,14.0,640,650
2011-01-19,2.5,460,470
2011-03-10,40.5,470,480
2014-11-22,0.1,1960,1970
2017-07-14,489.3,580,580
2010-10-14,96.2,660,670
2017-10-19,225.2,620,630
2017-05-16,106.3,680,700
2017-12-17,14.0,580,600
2011-08-02,443.2,530,540
2016-05-15,111.9,1580,1600
2009-11-27,9.4,1500,1510
2010-01-04,0.2,580,600
2011-07-12,219.9,600,600
2014-04-21,1.9,1200,1210
2016-09-24,233.7,1580,1600
2015-09-11,164.0,620,630
2011-03-14,40.5,430,440
2012-10-25,64.2,1160,1170
2013-09-10,254.0,750,760
2014-04-10,1.9,1060,1070
2017-05-22,106.3,660,670
2011-01-15,2.5,530,540
2012-05-02,44.2,980,990
2013-07-09,263.2,760,770
2009-08-03,332.7,1260,1270
2012-04-11,57.7,920,930
2013-04-03,45.6,610,620
2013-05-15,195.9,880,880
2014-01-05,0.9,1540,1550
2014-11-15,0.1,1780,1800
2015-03-30,19.3,560,570
2016-02-09,37.9,660,670
2017-03-25,35.2,390,400
2009-03-05,17.9,640,650
2015-05-21,57.6,620,630
2017-02-05,0.0,360,380
2017-11-03,21.9,720,730
2016-06-18,172.7,1620,1630
2011-05-09,132.6,620,630
2012-05-09,44.2,1070,1080
2013-04-17,45.6,730,740
2014-11-23,0.1,1860,1880
2017-02-25,0.0,300,310
2017-09-12,191.4,580,600
2011-12-01,1.4,400,420
2014-10-07,56.9,1720,1740
2012-03-05,4.4,500,520
2013-10-03,353.2,720,730
2016-04-15,5.8,1400,1400
2017-05-14,106.3,680,690
2014-05-16,124.4,1360,1370
2017-07-04,489.3,610,620
2009-10-05,77.3,1670,1680
2017-11-02,21.9,720,730
2009-02-13,1.4,410,420
2010-03-11,8.0,170,180
2012-05-05,44.2,1040,1050
2014-11-25,0.1,1900,1910
2015-08-20,260.6,610,620
2017-08-26,264.5,650,660
2010-02-08,10.3,280,290
2015-08-04,260.6,670,680
2016-01-26,9.9,680,700
2011-12-16,1.4,300,310
2013-03-10,4.8,460,460
2017-02-26,0.0,330,340
2011-07-05,219.9,600,610
2016-06-28,172.7,1620,1620
2017-02-13,0.0,320,320
2009-10-09,77.3,1680,1690
2010-06-23,189.3,390,400
2011-01-20,2.5,450,460
2014-03-20,19.9,940,950
2015-06-05,247.2,630,640
2015-10-30,32.7,670,680
2013-01-30,2.5,610,620
2015-04-18,88.7,460,470
2016-04-13,5.8,1400,1400
2016-05-27,111.9,1560,1580
2017-04-12,25.8,570,570
2009-02-16,1.4,470,480
2014-05-26,124.4,1340,1350
2014-08-15,292.6,1700,1720
2015-01-05,12.9,1100,1120
2015-03-12,19.3,410,420
2016-03-31,14.7,1440,1450
2016-08-17,416.7,1680,1700
2016-09-14,233.7,1660,1670
2009-03-28,17.9,810,820
2011-11-30,1.3,410,420
2013-02-22,10.0,500,510
2014-09-16,229.5,1750,1760
2015-07-11,633.1,580,590
2015-08-16,260.6,610,620
2016-02-13,37.9,620,630
2010-03-12,8.0,160,170
2012-01-26,40.7,370,380
2013-02-25,10.0,500,500
2016-03-01,14.7,900,920
2009-06-24,69.7,1230,1240
2015-08-10,260.6,620,630
2015-12-11,6.3,700,700
2016-03-07,14.7,970,980
2017-03-05,35.2,340,350
2011-03-05,40.5,500,510
2011-07-18,219.9,570,580
2014-12-17,0.6,1530,1540
2011-05-12,132.6,600,610
2011-10-29,36.9,480,490
2011-11-01,1.3,450,460
2017-02-22,0.0,280,300
2017-09-21,191.4,540,550
2016-05-11,111.9,1580,1600
2016-07-20,334.7,1700,1720
2010-03-10,8.0,190,200
2009-02-25,1.4,520,530
2009-12-07,0.3,1600,1610
2014-02-13,42.2,580,580
2009-12-27,0.3,860,870
2011-03-01,40.5,400,410
2014-02-06,42.2,620,630
2016-01-03,9.9,900,910
2011-06-12,434.5,580,590
2013-03-08,4.8,430,440
2014-03-09,19.9,900,900
2014-03-11,19.9,870,880
2017-03-07,35.2,440,450
2009-06-28,69.7,1220,1230
2011-12-06,1.4,340,350
2014-06-26,193.6,1400,1410
2016-10-01,69.8,1540,1560
2017-10-27,225.2,660,680
2012-03-15,4.4,640,650
2014-02-22,42.2,640,650
2014-04-26,1.9,1200,1210
2016-07-15,334.7,1700,1720
2010-09-01,192.6,450,460
2013-05-26,195.9,800,810
2013-10-21,353.2,1060,1070
2017-11-16,21.9,680,680
2009-09-12,294.6,1530,1540
2009-09-22,294.6,1680,1690
2010-03-14,8.0,220,230
2014-08-25,292.6,1700,1720
2017-02-15,0.0,300,320
2017-06-23,193.7,650,660
2009-05-16,229.0,1040,1050
2009-12-16,0.3,1580,1590
2010-01-29,0.2,260,270
2010-02-04,10.3,300,310
2010-04-06,15.9,240,250
2015-07-20,633.1,570,580
2017-06-30,193.7,620,630
2009-12-22,0.3,1050,1100
2009-12-29,0.3,750,760
2011-03-12,40.5,440,450
2015-12-19,6.3,740,750
2010-03-02,8.0,210,220
2012-12-13,24.6,920,930
2016-03-29,14.7,1440,1450
2013-11-25,0.0,1270,1280
2015-07-02,633.1,600,610
2009-06-07,69.7,1030,1040
2009-09-03,294.6,1630,1640
2015-01-20,12.9,620,630
2012-12-01,24.6,1170,1180
2013-05-13,195.9,890,900
2017-12-01,14.0,640,650
2009-12-29,0.3,800,820
2012-11-26,47.0,1240,1250
2013-09-03,254.0,750,760
2017-05-06,106.3,690,700
2009-05-03,229.0,980,990
2010-04-02,15.9,240,250
2012-01-24,40.7,450,460
2012-06-14,146.6,1120,1130
2012-12-21,24.6,740,760
2013-03-26,4.8,530,540
2013-11-05,0.0,1350,1360
2016-07-30,334.7,1700,1700
2014-01-22,0.9,860,870
2016-10-11,69.8,1640,1660
2012-07-03,315.0,1230,1240
2014-04-14,1.9,1140,1150
2009-03-02,17.9,620,630
2011-06-21,434.5,600,610
2011-09-03,295.9,590,600
2013-05-04,195.9,830,840
2009-12-03,0.3,1600,1610
2013-03-15,4.8,470,480
2016-01-27,9.9,680,700
2009-11-13,9.4,1550,1560
2010-07-04,196.3,400,400
2014-04-27,1.9,1230,1240
2009-03-10,17.9,630,640
2011-11-18,1.3,420,430
2011-10-13,36.9,560,570
2012-10-17,64.2,1100,1110
2014-10-19,56.9,1720,1740
2012-01-12,40.7,300,310
2016-11-19,19.2,1400,1400
2009-12-31,0.3,720,730
2011-05-08,132.6,640,640
2012-01-23,40.7,460,470
2015-09-15,164.0,620,630
2011-10-21,36.9,480,480
2014-04-25,1.9,1180,1200
2015-01-08,12.9,900,910
2011-02-01,2.7,330,340
2012-03-06,4.4,510,520
2014-12-04,0.6,1640,1680
2012-05-17,44.2,1040,1050
2012-12-15,24.6,840,850
2015-05-15,57.6,620,630
2015-11-10,2.3,780,800
2016-10-14,69.8,1600,1620
2017-08-25,264.5,650,660
2009-07-05,277.6,1250,1260
2010-11-06,6.3,560,570
2011-04-05,75.0,460,470
2011-10-18,36.9,490,500
2016-01-26,9.9,700,720
2017-05-07,106.3,700,700
2017-06-29,193.7,640,640
2017-08-09,264.5,630,640
2011-11-11,1.3,430,430
2014-02-24,42.2,640,640
2010-08-22,192.6,430,440
2011-07-22,219.9,560,570
2016-11-27,19.2,1140,1140
2010-01-17,0.2,340,350
2012-04-17,57.7,960,970
2014-12-23,0.6,1500,1520
2010-02-14,10.3,280,290
2010-04-24,15.9,300,310
2011-08-25,443.2,590,590
2014-08-22,292.6,1720,1730
2014-09-13,229.5,1860,1870
2016-02-14,37.9,630,640
2016-11-11,19.2,1340,1360
2009-09-26,294.6,1670,1680
2014-08-01,292.6,1480,1490
2017-08-13,264.5,620,630
2009-03-19,17.9,750,760
2011-10-31,36.9,460,470
2013-06-19,233.4,770,780
2015-07-08,633.1,590,600
2012-03-30,4.4,870,880
2012-08-03,261.4,1150,1160
2014-08-21,292.6,1740,1750
2015-10-31,32.7,700,720
2017-05-29,106.3,680,690
2017-07-31,489.3,640,650
2010-08-10,192.6,415,420
2011-04-01,75.0,450,460
2012-01-25,40.7,440,450
2013-10-10,353.2,830,840
2017-07-23,489.3,640,650
2011-05-01,132.6,540,550
2011-12-07,1.4,330,330
2012-01-17,40.7,270,280
2013-06-06,233.4,790,800
2014-03-05,19.9,700,710
2014-07-09,298.7,1380,1390
2010-01-21,0.2,280,300
2013-07-27,263.2,760,770
2015-03-07,19.3,470,480
2009-02-26,1.4,530,540
2011-10-03,36.9,560,570
2012-10-06,64.2,1110,1120
2011-12-24,1.4,270,280
2012-09-08,246.9,1100,1110
2013-03-22,4.8,540,550
2014-03-11,19.9,800,810
2010-02-18,10.3,310,320
2014-01-28,0.9,680,690
2015-04-15,88.7,470,470
2016-10-04,69.8,1600,1620
2016-12-12,0.0,640,660
2009-05-19,229.0,1020,1030
2009-07-17,277.6,1250,1260
2011-01-23,2.5,410,420
2011-02-02,2.7,320,320
2014-01-02,0.9,1370,1380
2014-10-30,56.9,1750,1760
2010-03-23,8.0,200,210
2011-12-04,1.4,360,370
2012-12-12,24.6,970,980
2013-04-14,45.6,700,720
2009-08-23,332.7,1460,1470
2010-02-24,10.3,260,270
2010-05-28,127.5,390,400
2012-08-29,261.4,1120,1130
2014-08-17,292.6,1800,1820
2016-02-04,37.9,700,710
2017-12-13,14.0,660,670
2009-08-16,332.7,1280,1290
2010-10-26,96.2,650,660
2012-04-13,57.7,960,970
2013-01-02,2.5,1020,1030
2015-07-10,633.1,590,600
2011-02-05,2.7,300,310
2011-10-06,36.9,600,610
2013-07-18,263.2,790,800
2014-01-07,0.9,1540,1550
2014-04-12,1.9,1090,1100
2015-08-24,260.6,610,620
2009-02-17,1.4,470,480
2016-04-14,5.8,1400,1400
2017-11-26,21.9,640,650
2009-04-01,2.6,800,810
2014-02-17,42.2,700,710
2015-06-22,247.2,620,630
2015-11-23,2.3,900,910
2016-03-17,14.7,1280,1280
2009-10-23,77.3,1690,1700
2011-06-01,434.5,600,600
2015-02-03,5.5,500,510
2017-11-24,21.9,650,660
2009-03-17,17.9,710,720
2011-06-24,434.5,600,600
2010-05-04,127.5,440,450
2012-11-21,47.0,1250,1260
2014-08-14,292.6,1660,1680
2015-04-20,88.7,470,470
2009-12-12,0.3,1550,1560
2010-01-14,0.2,390,400
2012-09-04,246.9,1120,1130
2013-10-16,353.2,960,970
2010-02-28,10.3,260,270
2013-02-09,10.0,600,610
2015-09-14,164.0,620,630
2016-03-02,14.7,900,920
2013-11-11,0.0,1300,1300
2014-06-16,193.6,1370,1380
2017-03-04,35.2,340,350
2010-08-21,192.6,430,430
2017-01-26,1.4,440,450
2012-01-21,40.7,430,440
2014-05-11,124.4,1380,1390
2014-06-30,193.6,1410,1420
2017-10-05,225.2,540,550
2010-10-27,96.2,640,650
2011-11-22,1.3,480,490
2017-07-03,489.3,610,620
2013-02-12,10.0,600,600
2016-01-21,9.9,720,740
2016-12-05,0.0,800,800
2011-11-26,1.3,460,460
2013-01-29,2.5,600,610
2014-06-23,193.6,1440,1450
2012-07-06,315.0,1220,1230
2013-08-28,401.4,780,780
2016-10-03,69.8,1600,1620
2017-12-26,14.0,460,480
2010-11-05,6.3,550,560
2013-06-13,233.4,780,790
2009-08-25,332.7,1480,1500
2015-05-08,57.6,600,600
2015-11-17,2.3,840,850
2017-01-25,1.4,440,450
2009-09-27,294.6,1670,1680
2013-02-11,10.0,580,590
2013-11-19,0.0,1280,1300
2014-02-04,42.2,630,640
2013-07-24,263.2,750,760
2016-11-03,19.2,1500,1520
2012-12-16,24.6,780,800
2010-12-21,29.7,570,580
2012-03-25,4.4,740,750
2012-08-28,261.4,1130,1140
2012-12-19,24.6,720,730
2013-11-15,0.0,1310,1320
2014-11-20,0.1,1920,1940
2013-09-18,254.0,750,760
2015-08-03,260.6,690,700
2016-11-07,19.2,1460,1470
2017-03-02,35.2,340,350
2009-10-01,77.3,1660,1670
2010-07-06,196.3,390,400
2014-12-14,0.6,1600,1620
2015-07-31,633.1,670,680
2009-05-07,229.0,980,990
2009-09-08,294.6,1570,1580
2010-05-03,127.5,430,440
2010-08-07,192.6,420,430
2011-03-26,40.5,410,420
2016-05-23,111.9,1570,1590
2009-11-22,9.4,1300,1310
2010-09-28,192.6,720,730
2011-04-04,75.0,460,470
2013-03-13,4.8,470,470
2014-05-20,124.4,1350,1360
2014-09-14,229.5,1800,1810
2015-03-02,19.3,520,530
2016-01-19,9.9,820,830
2016-04-12,5.8,1400,1400
2011-03-16,40.5,430,430
2014-04-01,1.9,950,960
2016-08-20,416.7,1660,1660
2017-04-14,25.8,570,570
2017-09-17,191.4,540,550
2011-01-01,2.5,610,620
2011-01-27,2.5,350,360
2012-03-10,4.4,550,560
2014-03-27,19.9,940,950
2012-09-13,246.9,1050,1060
2013-07-08,263.2,760,770
2010-07-12,196.3,390,400
2015-01-29,12.9,540,550
2015-02-14,5.5,520,520
2015-10-21,32.7,650,660
2016-04-06,5.8,1460,1470
2016-09-20,233.7,1650,1660
2010-02-08,10.3,250,260
2012-11-01,47.0,1160,1170
2013-12-08,0.0,1350,1360
2014-08-05,292.6,1660,1670
2014-11-29,0.1,1860,1860
2010-01-16,0.2,360,370
2012-06-23,146.6,1250,1260
2012-10-02,64.2,1120,1130
2013-05-02,195.9,830,840
2014-04-17,1.9,1220,1230
2017-01-27,1.4,440,450
2009-08-24,332.7,1460,1470
2017-04-08,25.8,540,550
2010-08-14,192.6,415,425
2012-04-08,57.7,960,970
2013-05-17,195.9,860,870
2016-03-22,14.7,1300,1300
2009-12-25,0.3,890,900
2011-07-28,219.9,560,560
2012-05-10,44.2,1070,1080
2012-10-30,64.2,1160,1170
2016-09-03,233.7,1660,1670
2017-06-14,193.7,660,670
2009-06-21,69.7,1180,1190
2016-01-29,9.9,620,630
2016-10-19,69.8,1640,1650
2009-06-23,69.7,1210,1220
2015-01-11,12.9,780,800
2010-12-06,29.7,630,640
2012-09-07,246.9,1120,1130
2016-09-04,233.7,1660,1670
2009-12-09,0.3,1550,1560
2009-12-19,0.3,1410,1420
2016-09-28,233.7,1500,1510
2015-02-06,5.5,480,500
2016-01-15,9.9,840,850
2017-12-18,14.0,570,580
2010-03-05,8.0,220,230
2013-06-10,233.4,790,800
2013-10-08,353.2,760,770
2013-11-16,0.0,1270,1280
2009-09-19,294.6,1600,1610
2010-02-21,10.3,220,230
2015-09-30,164.0,620,630
2010-12-09,29.7,610,610
2011-03-10,40.5,430,440
2013-04-06,45.6,660,670
2014-08-08,292.6,1640,1660
2015-12-04,6.3,800,810
2017-05-09,106.3,700,700
2012-04-21,57.7,950,960
2013-04-04,45.6,610,630
2015-01-19,12.9,640,650
2017-07-02,489.3,610,620
2010-09-22,192.6,580,590
2013-03-19,4.8,520,530
2013-04-07,45.6,670,680
2013-07-16,263.2,770,780
2014-09-20,229.5,1680,1700
2015-06-01,247.2,610,620
2016-10-06,69.8,1600,1620
2011-01-06,2.5,620,630
2012-11-15,47.0,1200,1210
2013-09-15,254.0,740,750
2016-05-13,111.9,1580,1600
2010-08-23,192.6,440,450
2010-04-23,15.9,300,310
2014-03-24,19.9,940,950
2014-07-02,298.7,1420,1420
2016-11-22,19.2,1340,1360
2017-03-08,35.2,300,310
2010-10-05,96.2,660,660
2012-03-22,4.4,740,750
2014-02-27,42.2,650,660
2015-02-10,5.5,560,570
2013-02-14,10.0,560,570
2015-09-09,164.0,630,640
2016-10-02,69.8,1560,1580
2017-01-21,1.4,400,420
2017-09-11,191.4,580,600
2013-10-17,353.2,980,1000
2015-11-18,2.3,880,890
2011-05-03,132.6,550,560
2015-12-06,6.3,790,800
2017-03-11,35.2,430,440
2014-05-14,124.4,1360,1370
2017-05-17,106.3,680,700
2009-09-10,294.6,1530,1540
2010-04-25,15.9,300,310
2010-07-28,196.3,410,420
2011-04-21,75.0,530,540
2015-09-17,164.0,630,640
2012-11-24,47.0,1220,1230
2017-02-01,0.0,360,380
2017-02-16,0.0,280,300
2017-03-28,35.2,480,480
2009-03-03,17.9,630,640
2011-05-05,132.6,580,580
2016-01-08,9.9,880,900
2016-12-18,0.0,630,640
2016-05-29,111.9,1560,1570
2017-03-06,35.2,340,350
2011-01-14,2.5,550,560
2014-12-03,0.6,1680,1700
2009-10-15,77.3,1670,1680
2010-10-03,96.2,670,680
2012-02-28,15.3,500,510
2015-02-16,5.5,500,510
2009-09-01,294.6,1650,1660
2011-07-20,219.9,560,570
2015-01-09,12.9,850,860
2016-01-01,9.9,870,880
2017-08-05,264.5,620,630
2009-10-29,77.3,1770,1780
2017-10-24,225.2,620,630
2010-02-12,10.3,270,280
2011-03-12,40.5,490,490
2011-09-30,295.9,550,560
2013-03-10,4.8,380,380
2015-12-30,6.3,850,860
2013-03-09,4.8,400,400
2013-10-23,353.2,1240,1250
2015-07-17,633.1,580,590
2009-05-13,229.0,1040,1050
2010-10-01,96.2,710,720
2011-01-07,2.5,590,600
2009-05-05,229.0,980,990
2010-03-23,8.0,160,170
2011-03-08,40.5,440,450
2015-03-24,19.3,450,460
2015-09-12,164.0,620,630
2009-08-13,332.7,1280,1290
2010-10-02,96.2,680,690
2012-02-20,15.3,430,440
2013-04-21,45.6,820,830
2017-02-20,0.0,320,340
2009-05-23,229.0,1000,1010
2011-03-16,40.5,390,390
2014-11-08,0.1,1820,1820
2009-10-17,77.3,1680,1690
2011-08-13,443.2,570,580
2012-01-26,40.7,420,430
2013-10-01,353.2,710,720
2015-08-12,260.6,620,620
2010-02-13,10.3,260,270
2013-01-13,2.5,940,950
2017-07-19,489.3,580,580
2017-12-24,14.0,460,480
2009-07-24,277.6,1230,1240
2010-06-28,189.3,400,400
2013-02-04,10.0,600,610
2016-05-04,111.9,1640,1650
2017-03-09,35.2,300,300
2010-06-12,189.3,390,400
2013-07-22,263.2,760,770
2009-05-01,229.0,970,980
2010-03-07,8.0,230,240
2013-08-17,401.4,770,780
2014-07-24,298.7,1440,1450
2011-07-14,219.9,600,600
2009-10-24,77.3,1700,1710
2010-03-07,8.0,180,190
2012-02-25,15.3,440,450
2014-11-09,0.1,1800,1800
2009-05-08,229.0,990,1000
2010-05-18,127.5,380,390
2011-04-09,75.0,470,470
2011-04-10,75.0,460,470
2011-10-11,36.9,590,600
2014-08-02,292.6,1530,1540
2016-05-31,111.9,1550,1560
2016-09-19,233.7,1650,1660
2017-11-05,21.9,700,700
2009-12-30,0.3,700,720
2011-04-29,75.0,540,550
2012-05-25,44.2,1030,1040
2013-12-07,0.0,1330,1340
2016-11-26,19.2,1140,1150
2017-10-30,225.2,700,700
2014-09-23,229.5,1680,1700
2016-10-08,69.8,1620,1640
2017-09-05,191.4,600,610
2017-11-12,21.9,640,660
2010-02-12,10.3,290,300
2009-06-14,69.7,1130,1140
2011-04-18,75.0,530,540
2011-10-02,36.9,560,560
2017-01-29,1.4,360,380
2011-08-24,443.2,600,610
2012-12-29,24.6,940,950
2013-05-08,195.9,850,860
2014-08-06,292.6,1670,1680
2009-09-09,294.6,1530,1540
2010-12-01,29.7,630,640
2011-03-24,40.5,410,420
2017-04-02,25.8,500,500
2012-01-28,40.7,400,410
2014-06-09,193.6,1380,1390
2012-11-16,47.0,1200,1210
2014-03-21,19.9,940,950
2011-07-27,219.9,560,560
2012-04-27,57.7,940,950
2012-11-03,47.0,1170,1180
2016-03-02,14.7,1000,1020
2009-04-18,2.6,950,960
2012-01-07,40.7,240,250
2014-04-16,1.9,1180,1190
2015-09-22,164.0,620,630
2017-02-07,0.0,360,380
2017-04-17,25.8,640,660
2013-03-22,4.8,480,490
2016-12-10,0.0,680,680
2017-06-18,193.7,660,670
2017-11-17,21.9,680,690
2009-07-01,277.6,1240,1250
2012-01-02,40.7,240,240
2012-10-14,64.2,1090,1100
2017-12-07,14.0,660,670
2009-03-27,17.9,810,820
2009-04-26,2.6,950,960
2011-02-12,2.7,310,320
2011-05-17,132.6,650,650
2011-07-24,219.9,570,570
2009-12-08,0.3,1550,1560
2010-09-18,192.6,550,560
2012-03-07,4.4,480,490
2015-05-19,57.6,620,630
2017-04-22,25.8,600,620
2017-06-26,193.7,650,660
2017-07-06,489.3,610,610
2011-08-09,443.2,580,580
2012-02-06,15.3,480,490
2016-03-15,14.7,1280,1300
2013-04-01,45.6,580,590
2013-04-02,45.6,600,610
2017-09-22,191.4,540,550
2010-08-08,192.6,420,430
2012-04-24,57.7,950,960
2014-04-23,1.9,1180,1190
2014-04-24,1.9,1180,1190
2010-06-07,189.3,390,390
2010-11-09,6.3,560,570
2010-10-21,96.2,680,690
2013-06-24,233.4,750,760
2013-10-11,353.2,850,860
2014-11-24,0.1,1860,1880
2016-04-22,5.8,1480,1500
2014-07-13,298.7,1410,1420
2014-08-18,292.6,1820,1820
2015-03-22,19.3,400,410
2015-12-05,6.3,800,810
2012-08-10,261.4,1170,1180
2016-12-08,0.0,720,720
2017-06-27,193.7,650,660
2011-06-13,434.5,580,590
2012-12-05,24.6,1070,1080
2015-12-20,6.3,760,770
2009-11-23,9.4,1200,1210
2009-12-06,0.3,1620,1630
2010-07-26,196.3,410,420
2013-05-12,195.9,890,900
2009-05-27,229.0,1000,1010
2010-03-21,8.0,190,200
2011-07-08,219.9,600,610
2009-07-28,277.6,1240,1250
2010-05-29,127.5,390,400
2010-06-03,189.3,400,400
2011-05-28,132.6,600,610
2013-10-30,353.2,1270,1300
2009-08-09,332.7,1280,1290
2010-06-17,189.3,400,410
2011-07-07,219.9,600,610
2013-02-18,10.0,550,560
2014-05-07,124.4,1360,1370
2017-03-30,35.2,470,480
2017-07-15,489.3,580,580
2010-02-05,10.3,290,300
2010-05-09,127.5,440,450
2011-01-28,2.5,340,350
2013-04-23,45.6,850,860
2016-03-21,14.7,1270,1280
2010-03-06,8.0,220,230
2010-03-14,8.0,170,180
2017-05-27,106.3,670,680
2010-09-12,192.6,530,540
2012-07-05,315.0,1200,1210
2013-08-12,401.4,760,770
2012-06-06,146.6,1040,1050
2013-09-13,254.0,740,750
2009-03-01,17.9,580,590
2009-11-21,9.4,1390,1400
2013-09-17,254.0,730,740
2017-01-10,1.4,420,420
2017-03-01,35.2,360,370
2011-03-26,40.5,370,380
2013-04-11,45.6,670,670
2013-09-08,254.0,750,760
2016-07-28,334.7,1700,1700
2013-02-07,10.0,620,630
2013-04-25,45.6,840,850
2015-01-27,12.9,560,580
2012-08-12,261.4,1190,1200
2016-04-10,5.8,1400,1400
2016-08-28,416.7,1680,1680
2012-08-19,261.4,1170,1180
2014-03-25,19.9,940,950
2010-09-14,192.6,540,550
2011-02-20,2.7,320,320
2014-09-01,229.5,1720,1730
2015-06-25,247.2,620,620
2011-03-13,40.5,430,440
2011-09-26,295.9,540,550
2012-02-26,15.3,480,490
2017-09-10,191.4,580,600
2017-12-05,14.0,660,670
2017-12-21,14.0,550,550
2011-02-10,2.7,310,320
2014-08-07,292.6,1640,1660
2016-01-07,9.9,880,900
2017-04-13,25.8,570,570
2009-07-30,277.6,1240,1250
2014-02-14,42.2,580,580
2017-02-19,0.0,320,340
2009-05-31,229.0,980,990
2010-04-15,15.9,270,280
2012-10-09,64.2,1100,1110
2010-02-10,10.3,270,280
2011-04-13,75.0,480,490
2016-01-17,9.9,820,830
2011-05-02,132.6,540,550
2013-03-25,4.8,480,480
2013-07-21,263.2,760,770
2013-12-12,0.0,1360,1370
2014-07-10,298.7,1380,1390
2015-01-26,12.9,560,580
2016-12-13,0.0,640,660
2010-04-09,15.9,240,250
2014-12-30,0.6,1480,1480
2015-04-16,88.7,460,470
2016-08-22,416.7,1660,1680
2016-10-30,69.8,1500,1520
2017-04-03,25.8,520,520
2017-05-13,106.3,680,690
2017-08-22,264.5,650,660
2009-07-08,277.6,1250,1260
2013-05-22,195.9,850,850
2009-06-04,69.7,1000,1010
2012-01-18,40.7,300,310
2013-05-07,195.9,840,850
2017-04-26,25.8,660,670
2015-01-30,12.9,560,570
2009-07-14,277.6,1260,1270
2011-09-27,295.9,540,550
2011-10-09,36.9,600,610
2011-12-25,1.4,260,270
2013-04-20,45.6,800,810
2012-11-14,47.0,1180,1190
2009-08-21,332.7,1420,1430
2013-08-10,401.4,770,780
2010-05-26,127.5,400,400
2013-08-18,401.4,780,790
2014-07-21,298.7,1410,1420
2015-10-11,32.7,600,610
2009-03-20,17.9,740,750
2017-04-21,25.8,600,600
2010-02-17,10.3,280,290
2013-01-26,2.5,630,640
2009-12-24,0.3,1000,1020
2016-04-05,5.8,1460,1470
2009-11-06,9.4,1680,1690
2009-12-01,0.3,1600,1610
2010-05-24,127.5,400,410
2011-01-10,2.5,540,550
2011-03-09,40.5,440,450
2011-09-19,295.9,570,580
2013-03-25,4.8,540,550
2013-08-06,401.4,760,770
2015-09-25,164.0,630,640
2016-04-19,5.8,1480,1480
2016-11-02,19.2,1500,1520
2010-04-26,15.9,300,310
2015-07-09,633.1,590,600
2015-08-29,260.6,610,620
2009-06-02,69.7,990,1000
2011-01-11,2.5,540,550
2012-04-16,57.7,980,990
2017-06-01,193.7,680,690
2010-07-19,196.3,400,400
2011-11-25,1.3,450,460
2012-07-16,315.0,1140,1150
2013-03-06,4.8,480,480
2013-07-26,263.2,750,760
2013-08-29,401.4,770,780
2014-12-27,0.6,1480,1500
2015-01-04,12.9,1100,1120
2015-03-08,19.3,450,460
2012-02-05,15.3,480,490
2012-03-12,4.4,520,530
2013-02-26,10.0,500,500
2015-07-23,633.1,570,580
2017-10-12,225.2,580,600
2011-02-28,2.7,430,440
2011-09-28,295.9,540,550
2012-12-17,24.6,700,720
2014-06-25,193.6,1410,1410
2014-01-13,0.9,1300,1310
2017-06-15,193.7,660,670
2009-04-09,2.6,850,860
2010-01-26,0.2,280,290
2014-02-10,42.2,640,650
2015-05-22,57.6,610,620
2015-08-30,260.6,610,620
2016-03-05,14.7,1060,1070
2016-06-04,172.7,1540,1550
2011-04-11,75.0,460,470
2013-07-23,263.2,760,770
2014-05-04,124.4,1340,1350
2010-12-30,29.7,620,620
2013-12-13,0.0,1390,1400
2017-09-08,191.4,580,600
2013-09-19,254.0,750,760
2014-11-17,0.1,1810,1820
2015-07-18,633.1,580,590
2011-10-10,36.9,600,600
2017-01-03,1.4,460,480
2017-06-21,193.7,650,660
2010-11-14,6.3,690,700
2011-12-26,1.4,260,270
2012-07-17,315.0,1140,1150
2012-12-27,24.6,880,900
2016-03-04,14.7,1060,1070
2011-09-06,295.9,600,610
2015-06-29,247.2,610,620
2016-12-22,0.0,620,620
2011-12-17,1.4,300,310
2013-05-20,195.9,850,860
2016-11-21,19.2,1360,1380
2009-09-20,294.6,1640,1650
2010-09-19,192.6,550,560
2012-09-29,246.9,1130,1140
2015-05-24,57.6,610,620
2017-10-13,225.2,580,600
2010-04-19,15.9,270,280
2013-05-27,195.9,800,810
2013-09-05,254.0,750,760
2013-12-01,0.0,1230,1230
2014-06-29,193.6,1410,1420
2015-09-20,164.0,620,630
2015-03-21,19.3,360,370
2011-06-20,434.5,600,610
2012-07-29,315.0,1150,1160
2014-01-01,0.9,1370,1380
2014-04-29,1.9,1270,1280
2012-07-31,315.0,1170,1180
2013-07-13,263.2,770,770
2013-09-11,254.0,750,760
2012-06-15,146.6,1110,1120
2015-12-10,6.3,740,750
2009-07-02,277.6,1240,1250
2014-06-15,193.6,1380,1390
2015-10-04,32.7,610,620
2015-11-25,2.3,870,880
2016-10-07,69.8,1620,1640
2017-07-27,489.3,650,660
2012-03-04,4.4,490,510
2012-05-31,44.2,1040,1050
2013-01-16,2.5,750,760
2012-10-27,64.2,1170,1180
2013-04-05,45.6,660,660
2009-12-18,0.3,1450,1460
2010-01-08,0.2,450,460
2010-04-05,15.9,240,250
2011-11-21,1.3,470,480
2014-06-20,193.6,1420,1430
2016-07-27,334.7,1700,1700
2016-10-12,69.8,1620,1640
2017-08-14,264.5,620,630
2012-04-25,57.7,950,960
2013-11-28,0.0,1290,1300
2016-01-09,9.9,860,870
2016-06-11,172.7,1600,1600
2017-01-12,1.4,480,500
2017-11-06,21.9,700,700
2011-08-27,443.2,590,600
2012-10-01,64.2,1120,1130
2010-09-04,192.6,470,480
2010-12-10,29.7,610,610
2011-03-03,40.5,460,470
2013-03-18,4.8,480,490
2013-12-06,0.0,1270,1280
2010-01-06,0.2,510,520
2011-03-29,40.5,380,390
2016-06-29,172.7,1650,1660
2015-03-14,19.3,380,390
2010-11-21,6.3,670,680
2012-02-24,15.3,420,430
2012-05-16,44.2,1040,1050
2015-03-29,19.3,500,520
2012-09-28,246.9,1140,1150
2009-11-16,9.4,1530,1540
2010-03-02,8.0,250,260
2011-02-25,2.7,420,430
2011-11-19,1.3,450,460
2011-12-09,1.4,300,310
2009-12-15,0.3,1580,1590
2010-05-12,127.5,430,440
2013-12-09,0.0,1370,1380
2012-11-23,47.0,1220,1230
2009-06-11,69.7,1090,1100
2013-01-12,2.5,960,960
2016-05-28,111.9,1560,1570
2016-11-23,19.2,1300,1300
2014-10-20,56.9,1730,1750
2015-12-03,6.3,800,810
2017-01-01,1.4,460,480
2017-11-11,21.9,640,660
2010-02-16,10.3,270,280
2012-10-10,64.2,1100,1110
2011-04-03,75.0,460,470
2011-08-23,443.2,610,610
2011-05-07,132.6,620,620
2014-10-22,56.9,1740,1760
2015-02-17,5.5,500,510
2015-10-26,32.7,700,710
2017-01-24,1.4,440,460
2015-12-15,6.3,720,730
2009-03-15,17.9,660,670
2014-04-07,1.9,1090,1100
2014-07-23,298.7,1420,1430
2012-04-22,57.7,950,960
2016-09-09,233.7,1660,1670
2016-10-22,69.8,1630,1640
2017-03-27,35.2,450,460
2009-04-20,2.6,980,990
2012-01-09,40.7,290,300
2013-06-12,233.4,790,800
2016-09-17,233.7,1650,1660
2010-07-14,196.3,390,400
2011-12-12,1.4,330,330
2013-01-21,2.5,720,720
2017-05-20,106.3,670,680
2011-07-29,219.9,550,560
2011-08-21,443.2,600,600
2012-01-30,40.7,390,400
2011-09-16,295.9,570,580
2012-01-27,40.7,410,420
2012-09-14,246.9,1050,1060
2014-03-29,19.9,930,940
2015-05-18,57.6,620,630
2017-03-18,35.2,440,450
2009-04-22,2.6,990,1000
2013-09-25,254.0,720,730
2014-03-02,19.9,700,710
2016-05-05,111.9,1600,1600
2016-07-14,334.7,1700,1720
2017-01-09,1.4,420,440
2011-03-28,40.5,420,430
2012-12-09,24.6,1010,1020
2015-03-19,19.3,350,360
2015-06-09,247.2,640,650
2016-09-01,233.7,1670,1680
2010-01-01,0.2,650,660
2010-06-19,189.3,400,400
2016-06-30,172.7,1650,1660
2011-10-12,36.9,580,590
2013-06-15,233.4,780,790
2014-05-10,124.4,1370,1380
2015-10-14,32.7,600,610
2012-04-15,57.7,1000,1000
2013-11-13,0.0,1350,1360
2017-11-14,21.9,640,660
2012-08-21,261.4,1150,1160
2016-05-19,111.9,1570,1590
2017-06-13,193.7,660,670
2009-10-18,77.3,1690,1700
2012-03-06,4.4,470,480
2014-10-10,56.9,1740,1750
2015-01-10,12.9,820,820
2016-02-08,37.9,650,660
2017-10-26,225.2,620,630
2011-09-23,295.9,550,550
2013-07-30,263.2,770,780
2014-03-03,19.9,820,830
2011-03-09,40.5,480,490
2012-10-05,64.2,1110,1120
2016-09-06,233.7,1660,1670
2010-05-20,127.5,400,410
2011-09-02,295.9,590,600
2012-01-29,40.7,400,410
2012-09-24,246.9,1190,1190
2012-10-19,64.2,1120,1130
2015-08-15,260.6,610,620
2016-05-06,111.9,1580,1600
2012-07-26,315.0,1120,1130
2012-09-11,246.9,1060,1070
2015-09-19,164.0,630,640
2012-07-13,315.0,1180,1190
2012-08-31,261.4,1110,1120
2009-07-13,277.6,1260,1270
2012-03-05,4.4,470,480
2016-04-26,5.8,1600,1600
2016-08-15,416.7,1700,1720
2009-07-07,277.6,1250,1260
2010-10-15,96.2,670,680
2013-05-28,195.9,800,810
2014-03-14,19.9,860,870
2017-05-19,106.3,670,680
2010-04-12,15.9,240,250
2010-12-02,29.7,630,640
2010-12-12,29.7,620,620
2011-11-28,1.3,450,460
2013-02-19,10.0,550,560
2014-06-28,193.6,1400,1410
2017-07-16,489.3,580,580
2009-12-17,0.3,1500,1510
2012-10-26,64.2,1160,1170
2013-07-10,263.2,760,770
2015-12-29,6.3,820,830
2016-12-07,0.0,760,780
2017-11-22,21.9,650,660
2010-12-08,29.7,620,620
2015-05-27,57.6,590,600
2017-09-04,191.4,600,610
2009-08-01,332.7,1250,1260
2013-08-08,401.4,760,770
2015-05-26,57.6,590,600
2016-09-12,233.7,1660,1670
2017-07-28,489.3,650,660
2017-08-17,264.5,620,630
2009-10-28,77.3,1740,1750
2010-02-09,10.3,270,280
2012-05-08,44.2,1080,1090
2016-03-04,14.7,960,970
2013-05-30,195.9,800,810
2013-12-19,0.0,1270,1280
2010-06-26,189.3,410,410
2011-04-26,75.0,550,550
2014-10-12,56.9,1760,1770
2015-10-22,32.7,650,660
2017-04-15,25.8,600,620
2017-06-10,193.7,660,670
2011-03-06,40.5,470,480
2013-10-14,353.2,900,910
2015-04-29,88.7,540,550
2015-12-02,6.3,800,810
2012-08-01,261.4,1170,1180
2012-03-09,4.4,590,600
2014-10-27,56.9,1740,1750
2016-08-27,416.7,1680,1680
2015-04-22,88.7,470,480
2017-02-17,0.0,280,300
2010-02-01,10.3,320,330
2013-07-12,263.2,760,770
2015-11-15,2.3,840,850
2016-04-23,5.8,1500,1520
2010-12-31,29.7,620,620
2013-01-17,2.5,920,920
2016-05-12,111.9,1580,1600
2012-01-06,40.7,230,230
2012-02-01,15.3,410,420
2011-09-12,295.9,590,590
2012-06-09,146.6,1050,1060
2014-02-16,42.2,680,690
2017-03-11,35.2,310,320
2009-06-20,69.7,1170,1180
2010-03-12,8.0,210,220
2013-03-30,4.8,570,570
2013-06-09,233.4,790,800
2017-11-15,21.9,640,660
2010-06-21,189.3,390,400
2013-08-09,401.4,760,770
2017-12-12,14.0,660,670
2017-08-19,264.5,620,630
2016-11-01,19.2,1500,1520
2016-11-24,19.2,1220,1220
2010-03-04,8.0,160,170
2012-07-07,315.0,1200,1210
2012-08-13,261.4,1200,1210
2017-07-24,489.3,660,670
2009-05-14,229.0,1050,1060
2009-05-15,229.0,1050,1060
2010-10-06,96.2,670,680
2010-10-16,96.2,670,680
2011-04-16,75.0,520,520
2012-04-29,57.7,960,970
2016-05-09,111.9,1560,1580
2009-04-14,2.6,870,880
2015-11-16,2.3,840,850
2017-03-10,35.2,300,300
2009-06-12,69.7,1120,1130
2012-09-02,246.9,1110,1120
2013-06-29,233.4,760,770
2010-03-19,8.0,190,200
2014-01-19,0.9,900,910
2015-11-24,2.3,900,900
2017-04-05,25.8,540,560
2009-12-22,0.3,1300,1310
2014-12-18,0.6,1580,1600
2015-03-18,19.3,350,360
2010-01-27,0.2,270,280
2014-08-16,292.6,1740,1740
2017-12-22,14.0,480,500
2011-04-23,75.0,530,540
2017-03-03,35.2,460,480
2017-04-09,25.8,560,570
2017-06-19,193.7,660,670
2011-05-10,132.6,610,620
2012-11-22,47.0,1240,1250
2013-08-05,401.4,750,760
2016-07-25,334.7,1700,1720
2009-09-29,294.6,1670,1680
2009-10-20,77.3,1690,1700
2013-12-18,0.0,1280,1290
2015-04-02,88.7,560,570
2010-08-18,192.6,420,420
2011-11-24,1.3,450,460
2013-03-12,4.8,450,460
2013-07-05,263.2,760,770
2014-07-17,298.7,1420,1420
2015-08-11,260.6,620,630
2016-01-22,9.9,760,770
2010-04-30,15.9,430,440
2010-10-25,96.2,670,670
2010-12-19,29.7,600,610
2012-09-30,246.9,1130,1140
2009-06-30,69.7,1230,1240
2009-06-16,69.7,1150,1160
2011-11-04,1.3,470,480
2012-05-20,44.2,1040,1050
2012-09-16,246.9,1060,1070
2013-06-14,233.4,780,790
2015-06-06,247.2,630,640
2011-03-25,40.5,370,380
2017-09-02,191.4,600,610
2011-02-27,2.7,430,440
2010-05-31,127.5,390,400
2015-03-05,19.3,480,490
2015-05-25,57.6,610,620
2016-04-07,5.8,1460,1470
2017-01-05,1.4,440,460
2017-04-29,25.8,660,660
2009-07-12,277.6,1260,1270
2011-01-24,2.5,410,420
2012-02-26,15.3,450,460
2015-01-07,12.9,900,910
2016-06-07,172.7,1580,1590
2011-01-21,2.5,450,460
2013-04-09,45.6,660,670
2015-06-19,247.2,630,640
2015-09-06,164.0,620,630
2016-03-07,14.7,1080,1090
2017-09-30,191.4,600,620
2011-07-04,219.9,600,610
2013-02-24,10.0,500,510
2016-12-27,0.0,520,540
2010-01-13,0.2,380,390
2015-03-10,19.3,440,450
2010-01-03,0.2,600,620
2011-01-26,2.5,360,370
2011-04-15,75.0,510,520
2011-12-02,1.4,400,420
2013-02-08,10.0,620,620
2014-01-30,0.9,660,670
2014-09-29,229.5,1690,1700
2016-01-28,9.9,660,670
2010-01-09,0.2,420,430
2010-10-20,96.2,680,700
2017-07-29,489.3,650,660
2013-11-26,0.0,1270,1280
2014-07-16,298.7,1420,1420
2017-01-14,1.4,460,480
2017-06-11,193.7,660,670
2013-04-08,45.6,660,670
2016-01-13,9.9,860,870
2016-06-13,172.7,1600,1600
2009-12-11,0.3,1500,1510
2014-07-08,298.7,1380,1390
2014-11-19,0.1,1870,1880
2016-08-23,416.7,1660,1680
2016-10-17,69.8,1600,1620
2017-01-23,1.4,440,460
2010-05-10,127.5,430,440
2011-03-05,40.5,460,470
2013-02-02,10.0,620,630
2013-06-22,233.4,760,770
2015-08-02,260.6,670,680
2016-10-29,69.8,1520,1520
2017-09-23,191.4,550,560
2017-12-25,14.0,460,480
2010-10-17,96.2,680,690
2014-02-25,42.2,620,630
2016-01-04,9.9,920,930
2016-06-19,172.7,1610,1620
2016-07-31,334.7,1700,1700
2010-09-24,192.6,670,670
2012-03-13,4.4,560,560
2013-10-07,353.2,750,760
2011-09-24,295.9,550,550
2013-09-27,254.0,700,710
2014-03-22,19.9,930,940
2014-07-14,298.7,1420,1430
2015-07-16,633.1,580,590
2012-06-19,146.6,1160,1170
2009-03-26,17.9,800,810
2012-01-20,40.7,390,400
2014-02-28,42.2,670,680
2010-02-05,10.3,260,270
2012-11-19,47.0,1280,1300
2013-05-25,195.9,810,820
2014-05-25,124.4,1340,1350
2014-06-11,193.6,1380,1390
2015-09-05,164.0,600,610
2009-06-03,69.7,990,1000
2011-10-08,36.9,620,630
2012-02-09,15.3,480,490
2012-05-11,44.2,1060,1070
2015-04-09,88.7,480,490
2016-06-26,172.7,1600,1600
2016-09-07,233.7,1660,1670
2013-01-10,2.5,940,950
2013-01-28,2.5,600,610
2014-05-13,124.4,1400,1410
2015-09-13,164.0,620,630
2013-03-24,4.8,480,480
2013-09-20,254.0,740,750
2015-09-07,164.0,640,650
2016-04-17,5.8,1460,1460
2016-08-12,416.7,1680,1700
2016-03-30,14.7,1440,1450
2010-02-03,10.3,310,320
2013-05-05,195.9,840,850
2014-12-07,0.6,1820,1820
2015-12-27,6.3,800,810
2009-03-23,17.9,780,790
2014-05-27,124.4,1350,1360
2009-08-29,332.7,1580,1590
2014-05-17,124.4,1370,1380
2010-07-20,196.3,400,410
2010-08-03,192.6,415,420
2012-09-12,246.9,1060,1070
2014-07-18,298.7,1410,1420
2016-05-07,111.9,1560,1580
2009-03-25,17.9,800,810
2012-10-24,64.2,1150,1160
2012-02-07,15.3,460,470
2012-03-19,4.4,650,660
2013-10-12,353.2,860,870
2011-03-17,40.5,380,390
2015-10-29,32.7,670,680
2016-02-01,37.9,620,640
2016-02-21,37.9,850,860
2017-05-23,106.3,660,670
2013-08-25,401.4,770,780
2017-01-06,1.4,420,440
2012-04-20,57.7,940,950
2012-04-30,57.7,960,970
2013-03-07,4.8,530,530
2014-01-26,0.9,740,750
2015-03-01,19.3,500,510
2010-02-20,10.3,230,240
2012-07-12,315.0,1170,1180
2012-08-09,261.4,1180,1190
2014-11-16,0.1,1780,1800
2009-03-18,17.9,740,750
2010-07-08,196.3,390,390
2013-03-13,4.8,400,410
2013-05-11,195.9,890,900
2015-10-25,32.7,670,680
2010-02-13,10.3,280,290
2011-04-07,75.0,470,480
2012-08-27,261.4,1140,1150
2013-06-23,233.4,750,760
2014-04-20,1.9,1220,1230
2017-03-20,35.2,430,440
2010-04-11,15.9,240,250
2016-06-27,172.7,1600,1600
2016-08-25,416.7,1700,1720
2014-10-29,56.9,1750,1760
2016-12-23,0.0,560,560
2011-08-04,443.2,530,540
2012-11-08,47.0,1190,1200
2014-05-08,124.4,1360,1370
2015-06-18,247.2,640,650
2013-10-25,353.2,1400,1420
2014-07-20,298.7,1400,1410
2014-09-22,229.5,1680,1700
2016-01-28,9.9,640,650
2017-11-30,21.9,640,650
2017-03-04,35.2,480,480
2016-02-02,37.9,690,700
2011-01-16,2.5,520,530
2014-02-21,42.2,640,650
2015-12-17,6.3,720,730
2017-08-18,264.5,620,630
2009-08-14,332.7,1280,1290
2013-01-20,2.5,680,690
2013-08-23,401.4,780,790
2017-01-18,1.4,400,420
2017-10-03,225.2,570,580
2017-03-24,35.2,390,400
2009-03-04,17.9,630,640
2009-08-08,332.7,1270,1280
2010-04-28,15.9,350,360
2017-01-16,1.4,440,460
2010-12-04,29.7,630,630
2015-08-23,260.6,610,620
2016-03-10,14.7,1160,1180
2011-10-01,36.9,560,560
2015-07-07,633.1,600,610
2009-08-17,332.7,1280,1290
2011-09-13,295.9,570,580
2009-07-16,277.6,1250,1260
2011-10-25,36.9,500,500
2016-04-21,5.8,1480,1480
2017-12-11,14.0,670,680
2009-08-07,332.7,1270,1280
2012-02-13,15.3,470,480
2014-03-15,19.9,880,890
2015-11-05,2.3,740,740
2015-12-12,6.3,700,700
2011-12-20,1.4,300,310
2012-02-25,15.3,470,480
2013-07-11,263.2,760,770
2017-01-08,1.4,420,440
2009-02-27,1.4,560,570
2009-08-02,332.7,1260,1270
2012-11-13,47.0,1180,1190
2015-10-03,32.7,610,620
2017-03-31,35.2,470,480
2012-03-14,4.4,640,650
2012-03-27,4.4,770,780
2013-03-05,4.8,510,520
2017-05-15,106.3,680,690
2013-09-01,254.0,760,770
2014-12-28,0.6,1480,1480
2016-12-09,0.0,680,680
2012-04-02,57.7,1000,1010
2013-01-06,2.5,930,940
2015-03-26,19.3,480,490
2009-02-18,1.4,480,490
2009-06-29,69.7,1220,1230
2011-02-22,2.7,340,350
2014-01-10,0.9,1450,1460
2014-05-24,124.4,1340,1350
2014-11-06,0.1,1820,1820
2015-03-25,19.3,480,490
2017-03-15,35.2,440,460
2010-10-11,96.2,650,660
2012-05-23,44.2,1040,1050
2016-11-30,19.2,1000,1020
2009-12-02,0.3,1600,1610
2010-12-26,29.7,610,610
2011-05-27,132.6,600,610
2014-06-19,193.6,1420,1430
2015-11-26,2.3,850,860
2016-09-08,233.7,1660,1670
2017-04-24,25.8,640,640
2013-01-04,2.5,1000,1020
2016-11-18,19.2,1340,1360
2011-05-13,132.6,600,610
2017-11-04,21.9,700,700
2012-06-25,146.6,1280,1290
2011-03-18,40.5,410,420
2013-03-15,4.8,400,410
2017-07-07,489.3,600,610
2013-04-24,45.6,850,860
2015-08-31,260.6,610,620
2017-10-15,225.2,580,600
2011-03-27,40.5,370,380
2012-07-28,315.0,1140,1150
2013-12-25,0.0,1450,1460
2014-03-31,19.9,940,950
2016-11-10,19.2,1360,1380
2012-01-30,40.7,420,430
2015-10-15,32.7,600,610
2016-01-05,9.9,940,950
2010-07-30,196.3,410,420
2015-03-11,19.3,420,430
2016-04-02,5.8,1440,1450
2014-01-25,0.9,740,750
2016-05-30,111.9,1560,1560
2016-10-15,69.8,1600,1620
2010-02-23,10.3,270,280
2011-02-07,2.7,300,310
2009-05-22,229.0,1000,1010
2010-01-02,0.2,620,630
2012-06-02,146.6,1040,1050
2012-08-05,261.4,1240,1250
2013-01-25,2.5,650,660
2013-08-14,401.4,760,770
2014-04-28,1.9,1250,1260
2009-07-15,277.6,1260,1270
2015-11-19,2.3,910,920
2017-10-16,225.2,580,600
2009-09-30,294.6,1680,1690
2011-09-15,295.9,570,580
2012-03-02,4.4,470,480
2015-11-13,2.3,820,830
2011-08-11,443.2,580,580
2013-01-07,2.5,920,930
2015-06-14,247.2,650,660
2017-05-05,106.3,690,700
2017-08-16,264.5,620,630
2009-04-29,2.6,940,950
2013-07-04,263.2,750,760
2014-03-15,19.9,920,930
2009-03-12,17.9,630,640
2009-04-11,2.6,850,860
2010-07-07,196.3,390,400
2010-08-09,192.6,420,430
2011-01-22,2.5,430,440
2009-09-06,294.6,1590,1600
2016-02-23,37.9,910,920
2017-07-11,489.3,590,600
2014-04-09,1.9,1070,1080
2014-05-05,124.4,1350,1360
2014-10-01,56.9,1700,1710
2017-12-15,14.0,600,620
2011-02-19,2.7,310,310
2012-12-30,24.6,980,1000
2014-10-06,56.9,1720,1740
2010-03-18,8.0,160,170
2012-07-24,315.0,1100,1110
2014-05-29,124.4,1360,1360
2016-02-15,37.9,640,650
2010-04-16,15.9,270,280
2014-01-20,0.9,880,900
2014-03-03,19.9,720,730
2010-08-01,192.6,410,420
2011-03-17,40.5,420,430
2016-05-20,111.9,1570,1590
2016-11-17,19.2,1280,1300
2009-11-07,9.4,1660,1670
2012-01-16,40.7,270,280
2015-10-06,32.7,610,620
2011-04-08,75.0,470,480
2014-08-27,292.6,1720,1730
2017-02-14,0.0,300,320
2010-11-15,6.3,710,710
2011-01-13,2.5,550,560
2012-05-04,44.2,1020,1030
2009-07-04,277.6,1240,1250
2012-03-03,4.4,450,460
2013-03-20,4.8,510,520
2013-04-10,45.6,660,670
2016-01-22,9.9,720,740
2017-04-16,25.8,620,640
2010-03-03,8.0,170,180
2012-06-28,146.6,1270,1280
2010-11-22,6.3,690,690
2011-10-20,36.9,470,470
2012-10-22,64.2,1140,1150
2015-01-14,12.9,720,740
2012-02-03,15.3,470,480
2015-04-27,88.7,500,510
2015-04-21,88.7,470,480
2017-02-24,0.0,280,300
2017-08-30,264.5,630,640
2009-10-04,77.3,1670,1680
2012-10-23,64.2,1140,1150
2015-02-24,5.5,470,480
2014-05-30,124.4,1360,1360
2011-07-03,219.9,600,610
2011-07-21,219.9,560,570
2012-12-02,24.6,1160,1170
2017-01-30,1.4,360,380
2010-02-06,10.3,260,270
2012-03-18,4.4,650,660
2013-10-31,353.2,1270,1300
2014-10-18,56.9,1720,1740
2014-12-12,0.6,1680,1700
2015-01-22,12.9,600,600
2016-07-12,334.7,1700,1720
2009-11-11,9.4,1550,1560
2010-07-27,196.3,410,420
2012-09-05,246.9,1120,1130
2014-03-30,19.9,930,940
2011-03-31,40.5,430,440
2009-07-19,277.6,1250,1260
2013-01-15,2.5,900,910
2011-10-04,36.9,570,570
2012-03-23,4.4,740,750
2016-01-06,9.9,900,910
2010-06-27,189.3,400,400
2012-03-17,4.4,630,640
2013-08-13,401.4,760,770
2010-11-19,6.3,630,640
2011-11-05,1.3,470,470
2014-04-05,1.9,1090,1100
2014-07-11,298.7,1390,1400
2012-07-04,315.0,1230,1240
2014-03-01,19.9,690,700
2015-04-12,88.7,470,470
2016-01-30,9.9,640,650
2016-04-11,5.8,1400,1400
2010-01-11,0.2,370,380
2012-11-11,47.0,1170,1180
2009-04-21,2.6,1000,1010
2017-11-01,21.9,700,720
2010-08-24,192.6,440,450
2016-11-20,19.2,1380,1400
2009-06-26,69.7,1230,1240
2013-10-20,353.2,1040,1050
2014-12-15,0.6,1560,1560
2015-01-25,12.9,580,600
2010-11-08,6.3,570,580
2011-01-05,2.5,620,620
2013-03-11,4.8,440,450
2014-08-04,292.6,1590,1600
2014-10-04,56.9,1740,1750
2015-07-27,633.1,580,590
2016-08-03,416.7,1700,1700
2012-09-17,246.9,1070,1080
2013-05-01,195.9,820,830
2014-08-28,292.6,1720,1730
2015-12-25,6.3,800,810
2016-05-22,111.9,1570,1590
2012-10-21,64.2,1140,1150
2013-11-04,0.0,1300,1300
2016-03-27,14.7,1450,1460
2017-05-28,106.3,680,690
2009-12-28,0.3,770,780
2010-01-18,0.2,330,340
2011-03-18,40.5,370,380
2013-02-27,10.0,480,490
2014-05-09,124.4,1370,1380
2017-10-10,225.2,580,600
2014-07-04,298.7,1400,1410
2011-07-30,219.9,550,550
2012-03-01,4.4,490,500
2012-08-26,261.4,1130,1140
2016-03-16,14.7,1280,1280
2016-07-18,334.7,1720,1740
2016-06-20,172.7,1600,1620
2009-03-31,17.9,790,800
2009-08-27,332.7,1510,1520
2011-10-22,36.9,490,500
2015-02-26,5.5,470,480
2009-03-11,17.9,620,630
2009-07-03,277.6,1240,1250
2009-05-18,229.0,1020,1030
2014-03-18,19.9,940,950
2014-09-19,229.5,1700,1700
2010-12-29,29.7,620,620
2015-10-18,32.7,590,600
2011-03-20,40.5,410,420
2011-07-01,219.9,590,600
2012-01-28,40.7,410,420
2013-04-27,45.6,840,850
2014-03-05,19.9,800,810
2017-01-23,1.4,400,420
2010-03-08,8.0,180,190
2014-04-06,1.9,1090,1100
2015-03-17,19.3,350,360
2016-02-03,37.9,700,710
2017-01-19,1.4,360,380
2015-06-17,247.2,640,650
2010-09-23,192.6,620,620
2012-06-17,146.6,1130,1140
2012-05-26,44.2,1030,1040
2017-03-08,35.2,430,440
2010-01-25,0.2,280,290
2011-07-16,219.9,580,590
2013-11-12,0.0,1360,1360
2014-01-24,0.9,800,810
2015-05-11,57.6,580,590
2010-01-19,0.2,310,320
2013-03-26,4.8,470,480
2013-12-10,0.0,1390,1400
2016-05-17,111.9,1580,1600
2010-02-17,10.3,300,310
2010-07-18,196.3,390,400
2012-07-19,315.0,1120,1130
2017-09-07,191.4,580,600
2010-06-29,189.3,400,400
2015-08-06,260.6,620,620
2017-04-23,25.8,620,640
2009-04-03,2.6,810,820
2010-01-28,0.2,270,280
2010-09-30,192.6,670,680
2011-01-04,2.5,610,610
2012-07-11,315.0,1170,1180
2017-01-20,1.4,380,400
2009-04-16,2.6,890,900
2009-05-11,229.0,1020,1030
2015-02-15,5.5,500,510
2017-03-17,35.2,450,460
2010-11-11,6.3,580,590
2012-01-05,40.7,230,230
2012-05-07,44.2,1090,1100
2016-10-31,69.8,1500,1520
2015-10-10,32.7,600,610
2017-02-09,0.0,360,380
2009-11-05,9.4,1690,1700
2010-05-25,127.5,400,410
2011-09-29,295.9,540,550
2017-07-17,489.3,580,580
2017-11-07,21.9,700,700
2009-06-08,69.7,1050,1060
2010-06-05,189.3,390,390
2016-05-26,111.9,1560,1580
2012-12-04,24.6,1100,1120
2017-08-11,264.5,630,630
2017-09-06,191.4,600,610
2013-11-08,0.0,1210,1220
2014-10-03,56.9,1740,1750
2014-12-08,0.6,1820,1820
2011-10-05,36.9,580,580
2014-05-02,124.4,1320,1330
2015-05-30,57.6,590,600
2011-01-20,2.5,500,500
2014-06-12,193.6,1400,1410
2009-07-26,277.6,1240,1250
2011-08-08,443.2,580,580
2012-10-28,64.2,1180,1200
2014-04-08,1.9,1070,1080
2015-06-30,247.2,610,610
2016-09-26,233.7,1560,1580
2009-10-26,77.3,1740,1750
2010-08-16,192.6,420,430
2010-08-20,192.6,420,420
2012-06-26,146.6,1280,1290
2017-01-17,1.4,400,420
2009-02-23,1.4,510,520
2009-10-13,77.3,1680,1690
2010-07-25,196.3,410,420
2012-03-10,4.4,620,630
2013-06-01,233.4,800,810
2009-11-08,9.4,1640,1650
2011-05-25,132.6,600,610
2012-03-01,4.4,460,470
2012-08-20,261.4,1160,1170
2009-04-27,2.6,940,950
2013-03-17,4.8,460,470
2014-02-20,42.2,660,660
2017-08-31,264.5,630,630
2012-07-02,315.0,1240,1250
2015-08-07,260.6,620,620
2009-10-12,77.3,1680,1690
2013-07-02,263.2,750,760
2013-07-07,263.2,760,770
2013-09-28,254.0,700,710
2009-10-10,77.3,1680,1690
2011-07-31,219.9,540,550
2015-01-31,12.9,540,550
2009-08-11,332.7,1280,1290
2011-03-03,40.5,410,420
2014-03-07,19.9,830,840
2011-01-17,2.5,510,510
2012-03-09,4.4,530,540
2012-01-10,40.7,290,300
2016-12-01,0.0,920,940
2010-12-17,29.7,620,620
2012-04-05,57.7,980,990
2014-05-31,124.4,1360,1360
2017-07-26,489.3,670,670
2012-02-22,15.3,410,420
2013-02-10,10.0,600,600
2013-03-21,4.8,460,470
2014-02-08,42.2,640,650
2015-10-19,32.7,590,600
2009-12-28,0.3,820,830
2013-08-01,401.4,760,770
2016-08-13,416.7,1680,1700
2017-10-14,225.2,580,600
2010-01-24,0.2,290,300
2010-02-09,10.3,290,300
2014-06-06,193.6,1360,1370
2015-06-26,247.2,610,620
2011-09-10,295.9,590,600
2012-11-17,47.0,1250,1260
2013-01-14,2.5,900,910
2016-09-29,233.7,1500,1510
2016-12-03,0.0,820,820
2017-09-13,191.4,560,580
2011-06-18,434.5,600,610
2017-03-02,35.2,440,460
2012-08-02,261.4,1150,1160
2012-08-23,261.4,1140,1150
2014-03-06,19.9,800,810
2016-06-09,172.7,1600,1600
2014-09-15,229.5,1750,1760
2014-12-05,0.6,1800,1800
2017-11-09,21.9,660,680
2009-12-25,0.3,950,960
2012-11-05,47.0,1200,1210
2011-11-16,1.3,410,420
2010-11-13,6.3,660,670
2009-03-01,17.9,590,600
2010-10-23,96.2,680,680
2010-10-24,96.2,670,680
2013-10-02,353.2,710,720
2017-03-14,35.2,410,420
2009-12-24,0.3,910,930
2013-05-24,195.9,820,830
2014-04-15,1.9,1160,1170
2010-05-14,127.5,400,410
2011-10-15,36.9,530,540
2016-09-25,233.7,1580,1600
2009-10-31,77.3,1760,1770
2009-12-21,0.3,1360,1370
2011-05-30,132.6,610,610
2014-11-21,0.1,1960,1980
2015-11-11,2.3,800,810
2017-03-06,35.2,480,480
2017-09-27,191.4,560,580
2009-05-12,229.0,1030,1040
2010-03-16,8.0,220,230
2010-08-12,192.6,410,420
2014-01-29,0.9,680,690
2014-06-27,193.6,1400,1410
2017-10-11,225.2,600,600
2011-03-13,40.5,480,490
2015-10-08,32.7,600,610
2010-05-23,127.5,400,410
2015-11-08,2.3,800,810
2016-09-05,233.7,1660,1670
2009-10-21,77.3,1690,1700
2011-01-31,2.5,330,340
2011-06-03,434.5,590,600
2013-04-29,45.6,830,840
2014-12-29,0.6,1480,1480
2014-03-07,19.9,730,740
2010-12-07,29.7,620,620
2012-07-18,315.0,1120,1130
2012-09-25,246.9,1140,1150
2013-07-28,263.2,760,770
2015-09-02,164.0,600,610
2010-04-08,15.9,240,250
2010-05-13,127.5,420,430
2010-12-25,29.7,600,600
2013-11-06,0.0,1370,1370
2015-06-15,247.2,650,660
2010-10-10,96.2,660,670
2010-12-23,29.7,580,580
2014-09-18,229.5,1750,1760
2014-12-09,0.6,1760,1780
2010-05-15,127.5,390,400
2010-09-17,192.6,540,550
2017-05-26,106.3,670,680
2015-06-13,247.2,650,660
2011-03-20,40.5,370,380
2012-02-10,15.3,470,480
2012-10-31,64.2,1160,1170
2015-08-19,260.6,610,620
2011-07-15,219.9,590,600
2011-11-08,1.3,450,460
2014-02-12,42.2,600,610
2016-07-11,334.7,1700,1720
2016-07-19,334.7,1720,1740
2016-07-26,334.7,1700,1700
2016-08-26,416.7,1680,1680
2011-03-02,40.5,450,460
2015-06-07,247.2,630,640
2010-03-04,8.0,210,220
2011-02-04,2.7,300,310
2012-12-11,24.6,980,1000
2010-12-13,29.7,630,630
2011-05-19,132.6,640,640
2012-06-10,146.6,1050,1060
2014-01-11,0.9,1380,1390
2014-08-26,292.6,1710,1720
2016-08-02,416.7,1700,1700
2014-06-01,193.6,1360,1370
2014-07-28,298.7,1490,1500
2016-01-29,9.9,640,650
2009-02-11,1.4,400,410
2011-02-03,2.7,300,310
2014-11-07,0.1,1820,1820
2015-11-20,2.3,950,960
2016-04-16,5.8,1440,1460
2009-04-07,2.6,840,850
2009-10-08,77.3,1660,1670
2012-03-24,4.4,730,740
2013-05-06,195.9,840,850
2015-03-23,19.3,420,430
2016-05-25,111.9,1560,1580
2016-09-22,233.7,1600,1620
2011-04-27,75.0,550,560
2011-07-13,219.9,600,600
2010-09-26,192.6,760,770
2011-06-29,434.5,600,600
2012-04-09,57.7,960,970
2013-09-06,254.0,750,760
2016-05-24,111.9,1560,1580
2014-09-17,229.5,1750,1760
2014-12-24,0.6,1500,1520
2015-06-21,247.2,630,640
2015-08-08,260.6,620,620
2017-02-28,0.0,380,390
2011-06-28,434.5,600,600
2013-05-23,195.9,840,840
2011-09-09,295.9,590,600
2013-08-03,401.4,750,760
2009-07-22,277.6,1230,1240
2011-04-30,75.0,540,550
2012-05-24,44.2,1040,1050
2015-02-11,5.5,520,540
2009-03-09,17.9,630,640
2013-11-27,0.0,1290,1300
2014-09-07,229.5,1690,1700
2016-12-04,0.0,800,800
2010-09-20,192.6,550,560
2013-11-22,0.0,1270,1270
2012-11-27,47.0,1240,1250
2017-06-05,193.7,680,690
2009-07-20,277.6,1250,1260
2011-06-06,434.5,590,600
2012-02-21,15.3,430,440
2013-12-05,0.0,1200,1220
2017-06-20,193.7,650,660
2017-08-27,264.5,650,660
2009-02-21,1.4,510,520
2009-08-31,332.7,1640,1650
2014-01-21,0.9,880,890
2014-09-28,229.5,1660,1670
2011-03-23,40.5,430,440
2012-07-30,315.0,1160,1170
2013-08-21,401.4,810,820
2013-11-09,0.0,1200,1210
2013-11-14,0.0,1320,1330
2015-05-28,57.6,590,600
2015-12-21,6.3,790,800
2011-12-14,1.4,310,310
2013-02-21,10.0,520,530
2013-12-04,0.0,1200,1220
2015-05-12,57.6,620,630
2017-06-25,193.7,650,660
2017-10-08,225.2,560,570
2014-11-05,0.1,1820,1820
2017-12-06,14.0,660,670
2013-09-16,254.0,730,740
2015-11-09,2.3,780,800
2010-05-17,127.5,380,390
2010-11-18,6.3,640,650
2015-10-07,32.7,610,620
2016-04-08,5.8,1460,1470
2015-11-21,2.3,940,950
2011-02-24,2.7,380,390
2012-08-22,261.4,1150,1160
2013-03-16,4.8,500,510
2017-07-05,489.3,610,610
2009-09-16,294.6,1560,1570
2016-09-30,233.7,1480,1500
2017-03-13,35.2,410,420
2011-04-14,75.0,500,510
2013-09-30,254.0,700,710
2016-07-01,334.7,1650,1660
2017-07-21,489.3,590,600
2010-06-16,189.3,400,410
2011-08-01,443.2,540,550
2012-02-11,15.3,480,480
2015-12-13,6.3,720,730
2009-05-30,229.0,980,990
2011-02-09,2.7,300,310
2011-08-03,443.2,530,540
2017-08-12,264.5,630,630
2009-09-07,294.6,1580,1590
2010-05-01,127.5,450,460
2013-04-13,45.6,670,680
2016-02-18,37.9,720,730
2009-08-06,332.7,1270,1280
2012-01-31,40.7,430,440
2014-04-02,1.9,1000,1020
2014-05-21,124.4,1350,1360
2016-11-04,19.2,1470,1480
2012-02-14,15.3,460,470
2012-08-24,261.4,1130,1140
2014-06-02,193.6,1360,1370
2015-09-28,164.0,620,630
2010-01-23,0.2,300,310
2010-04-17,15.9,270,280
2012-10-12,64.2,1090,1100
2014-05-22,124.4,1340,1350
2015-07-21,633.1,570,580
2016-10-25,69.8,1600,1620
2017-07-12,489.3,590,590
2009-02-28,1.4,570,580
2009-04-08,2.6,850,860
2010-02-06,10.3,280,290
2012-04-19,57.7,940,950
2012-08-11,261.4,1180,1190
2009-11-02,9.4,1750,1760
2011-08-30,443.2,600,610
2012-01-01,40.7,240,240
2012-12-07,24.6,1020,1030
2015-07-12,633.1,580,590
2011-02-15,2.7,300,310
2016-03-19,14.7,1260,1280
2012-01-13,40.7,270,280
2012-03-16,4.4,630,640
2013-03-08,4.8,530,530
2014-05-15,124.4,1360,1370
2016-09-16,233.7,1650,1660
2017-08-01,264.5,620,630
2014-02-18,42.2,680,680
2017-04-28,25.8,660,660
2017-12-03,14.0,640,650
2010-02-22,10.3,240,250
2013-10-04,353.2,730,740
2015-10-13,32.7,600,610
2009-05-25,229.0,1010,1020
2012-11-28,47.0,1220,1230
2013-02-13,10.0,600,600
2014-10-23,56.9,1730,1750
2015-01-13,12.9,750,760
2011-03-19,40.5,370,380
2012-10-11,64.2,1100,1100
2014-02-15,42.2,640,650
2011-12-05,1.4,350,360
2013-03-20,4.8,460,470
2013-07-15,263.2,770,780
2016-04-29,5.8,1620,1640
2012-04-12,57.7,940,950
2013-06-26,233.4,760,770
2017-03-07,35.2,320,330
2009-02-14,1.4,420,430
2011-11-14,1.3,420,430
2014-03-04,19.9,820,830
2014-05-06,124.4,1360,1370
2016-01-14,9.9,860,870
2010-12-03,29.7,610,610
2011-04-25,75.0,550,550
2012-06-07,146.6,1050,1060
2015-11-12,2.3,810,820
2015-12-01,6.3,800,810
2009-08-28,332.7,1530,1540
2014-06-22,193.6,1440,1450
2015-04-23,88.7,470,480
2016-05-18,111.9,1570,1590
2009-07-11,277.6,1270,1280
2011-05-11,132.6,610,620
2013-08-02,401.4,750,760
2013-12-24,0.0,1400,1410
2009-03-22,17.9,770,780
2010-02-19,10.3,270,280
2014-02-05,42.2,620,630
2014-03-12,19.9,830,840
2016-03-28,14.7,1440,1450
2017-05-21,106.3,660,670
2012-05-28,44.2,1030,1040
2013-02-03,10.0,610,620
2015-04-28,88.7,520,530
2016-05-21,111.9,1570,1590
2009-05-28,229.0,990,1000
2012-10-13,64.2,1090,1100
2009-11-20,9.4,1460,1470
2009-12-27,0.3,800,810
2013-06-20,233.4,770,780
2016-10-05,69.8,1600,1620
2017-01-21,1.4,380,400
2017-10-02,225.2,600,620
2010-05-11,127.5,430,440
2011-05-26,132.6,600,610
2013-03-01,4.8,530,540
2017-04-04,25.8,520,520
2009-07-09,277.6,1260,1270
2012-04-28,57.7,950,960
2010-03-24,8.0,240,250
2011-02-11,2.7,310,320
2011-08-07,443.2,570,580
2013-10-15,353.2,920,930
2017-09-19,191.4,540,550
2011-09-17,295.9,570,580
2009-10-22,77.3,1690,1700
2013-01-18,2.5,700,710
2013-01-23,2.5,700,720
2015-08-14,260.6,610,620
2017-08-20,264.5,630,640
2017-11-19,21.9,670,680
2009-06-06,69.7,1020,1030
2010-03-01,8.0,250,260
2016-12-02,0.0,820,840
2009-03-07,17.9,650,660
2009-08-20,332.7,1380,1400
2012-07-20,315.0,1110,1120
2014-01-23,0.9,820,830
2015-08-05,260.6,660,670
2012-11-25,47.0,1230,1240
2013-08-24,401.4,780,780
2017-07-01,489.3,620,620
2012-09-01,246.9,1100,1120
2015-02-28,5.5,490,500
2011-08-12,443.2,570,580
2013-04-28,45.6,830,840
2014-06-08,193.6,1370,1380
2017-03-10,35.2,420,420
2009-12-30,0.3,750,770
2014-03-26,19.9,940,950
2016-01-02,9.9,890,900
2017-07-30,489.3,650,660
2010-02-07,10.3,250,260
2013-03-12,4.8,380,390
2013-11-18,0.0,1270,1270
2015-04-30,88.7,560,570
2016-12-24,0.0,550,560
2011-06-26,434.5,600,600
2012-11-07,47.0,1190,1200
2013-07-19,263.2,770,780
2017-12-08,14.0,660,670
2009-11-24,9.4,1200,1210
2011-11-02,1.3,450,460
2017-05-03,106.3,690,700
2017-11-20,21.9,670,680
2010-02-25,10.3,230,240
2016-03-26,14.7,1460,1460
2016-04-03,5.8,1460,1470
2016-06-05,172.7,1570,1580
2011-06-08,434.5,590,600
2016-10-13,69.8,1620,1640
2016-12-31,0.0,460,480
2009-04-17,2.6,920,930
2011-03-25,40.5,410,420
2013-12-17,0.0,1300,1310
2016-11-08,19.2,1460,1470
2017-05-25,106.3,660,670
2012-01-03,40.7,230,240
2016-12-21,0.0,600,620
2009-09-05,294.6,1600,1610
2012-09-21,246.9,1100,1110
2014-12-20,0.6,1550,1560
2015-11-28,2.3,810,830
2009-10-14,77.3,1670,1680
2015-11-04,2.3,770,780
2016-01-31,9.9,640,650
2010-05-30,127.5,390,400
2016-12-26,0.0,520,540
2017-06-07,193.7,670,680
2009-02-20,1.4,510,520
2013-06-08,233.4,790,800
2015-04-19,88.7,460,470
2016-03-25,14.7,1420,1440
2010-04-29,15.9,390,400
2017-09-28,191.4,560,580
2015-05-29,57.6,590,600
2014-04-03,1.9,1070,1080
2014-09-03,229.5,1720,1720
2016-02-07,37.9,660,670
2016-08-18,416.7,1680,1700
2009-03-21,17.9,760,770
2013-04-18,45.6,770,780
2010-02-26,10.3,230,240
2015-08-18,260.6,610,620
2009-02-10,1.4,400,410
2017-02-21,0.0,300,320
2012-02-24,15.3,450,460
2013-02-05,10.0,600,610
2013-02-15,10.0,540,550
2014-09-21,229.5,1680,1700
2009-08-18,332.7,1330,1350
2011-05-16,132.6,650,650
2015-12-22,6.3,800,810
2016-06-24,172.7,1600,1600
2010-02-27,10.3,270,280
2013-07-17,263.2,790,800
2013-12-03,0.0,1210,1220
2015-07-19,633.1,580,580
2012-01-11,40.7,290,300
2012-09-20,246.9,1100,1110
2013-05-29,195.9,800,810
2014-06-21,193.6,1430,1440
2016-11-28,19.2,1100,1120
2011-04-12,75.0,460,470
2011-09-22,295.9,560,560
2012-12-18,24.6,700,700
2013-07-03,263.2,750,760
2015-12-18,6.3,720,730
2010-12-18,29.7,610,620
2013-08-19,401.4,780,790
2014-07-26,298.7,1460,1470
2010-10-04,96.2,660,670
2011-06-27,434.5,600,600
2015-06-27,247.2,620,630
2010-04-03,15.9,240,250
2012-06-13,146.6,1120,1130
2017-01-15,1.4,440,460
2015-09-10,164.0,630,640
2011-05-31,132.6,600,610
2013-10-27,353.2,1330,1350
2013-12-16,0.0,1340,1350
2012-06-22,146.6,1200,1210
2014-04-19,1.9,1250,1260
2017-12-19,14.0,570,570
2011-06-04,434.5,590,600
2012-06-27,146.6,1260,1270
2014-09-06,229.5,1690,1700
2016-03-13,14.7,1300,1320
2017-01-19,1.4,380,400
2017-06-04,193.7,680,690
2013-03-11,4.8,370,380
2014-06-03,193.6,1360,1370
2016-02-05,37.9,700,710
2016-09-10,233.7,1660,1670
2010-09-13,192.6,540,550
2014-03-08,19.9,850,860
2010-04-07,15.9,230,240
2012-06-18,146.6,1140,1150
2015-09-16,164.0,630,640
2010-05-07,127.5,440,450
2010-08-06,192.6,415,425
2013-05-31,195.9,800,810
2017-12-30,14.0,400,420
2012-01-14,40.7,270,280
2014-01-27,0.9,700,700
2010-01-31,0.2,300,310
2013-12-15,0.0,1360,1370
2010-11-07,6.3,570,580
2014-04-13,1.9,1120,1130
2015-05-13,57.6,620,630
2011-08-06,443.2,550,560
2009-04-04,2.6,820,830
2013-10-26,353.2,1360,1380
2010-02-25,10.3,270,280
2010-09-15,192.6,540,550
2015-08-01,260.6,660,670
2011-01-02,2.5,600,610
2016-04-25,5.8,1550,1560
2017-09-03,191.4,600,610
2014-01-03,0.9,1430,1440
2010-09-10,192.6,510,520
2011-10-30,36.9,470,470
2012-08-08,261.4,1200,1210
2015-08-28,260.6,610,620
2016-03-23,14.7,1360,1360
2014-10-13,56.9,1770,1780
2011-09-11,295.9,590,590
2017-10-09,225.2,560,580
2011-11-17,1.3,410,420
2012-07-15,315.0,1160,1170
2013-10-09,353.2,800,810
2016-08-29,416.7,1670,1680
2016-10-16,69.8,1600,1620
2012-02-27,15.3,460,470
2012-04-06,57.7,980,990
2012-07-10,315.0,1170,1180
2015-10-23,32.7,660,670
2010-09-08,192.6,470,480
2013-06-05,233.4,790,800
2010-02-07,10.3,280,290
2012-03-04,4.4,460,470
2013-10-24,353.2,1320,1350
2014-03-13,19.9,920,920
2017-09-18,191.4,540,550
2010-02-10,10.3,290,300
2010-04-13,15.9,260,270
2016-06-06,172.7,1580,1590
2013-03-23,4.8,490,500
2013-04-15,45.6,710,720
2017-09-26,191.4,560,580
2017-11-27,21.9,640,650
2011-06-11,434.5,590,600
2011-11-13,1.3,420,430
2014-03-12,19.9,890,900
2012-03-21,4.4,700,710
2012-06-20,146.6,1180,1190
2016-02-20,37.9,800,810
2017-03-23,35.2,420,430
2009-03-02,17.9,610,620
2009-06-01,69.7,990,1000
2011-09-18,295.9,570,580
2011-10-16,36.9,520,530
2010-02-20,10.3,270,280
2010-02-26,10.3,270,280
2010-12-27,29.7,610,620
2014-03-09,19.9,820,830
2014-11-12,0.1,1800,1800
2017-12-28,14.0,450,460
2014-02-09,42.2,640,650
2011-10-27,36.9,500,500
2012-09-10,246.9,1080,1080
2012-12-22,24.6,830,850
2013-01-24,2.5,700,710
2016-07-16,334.7,1720,1740
2015-09-03,164.0,600,610
2011-04-17,75.0,520,530
2013-09-23,254.0,730,740
2015-01-18,12.9,660,670
2015-02-27,5.5,460,470
2015-09-08,164.0,630,640
2013-06-25,233.4,750,760
2017-03-22,35.2,420,430
2009-04-13,2.6,860,870
2011-10-07,36.9,630,640
2012-08-15,261.4,1190,1200
2017-06-12,193.7,660,670
2011-03-14,40.5,480,490
2011-11-03,1.3,460,470
2017-10-21,225.2,640,650
2014-08-03,292.6,1570,1580
2015-02-07,5.5,500,520
2013-04-22,45.6,850,860
2017-03-29,35.2,470,480
2009-11-14,9.4,1540,1550
2011-03-04,40.5,480,480
2012-12-10,24.6,1000,1000
2013-05-14,195.9,880,890
2010-07-21,196.3,400,410
2011-03-02,40.5,410,420
2016-08-10,416.7,1680,1700
2010-03-11,8.0,220,230
2010-04-01,15.9,240,250
2010-08-11,192.6,415,420
2013-12-21,0.0,1300,1310
2014-12-02,0.6,1800,1820
2009-04-15,2.6,880,890
2012-04-03,57.7,1020,1030
2013-11-30,0.0,1250,1250
2015-12-07,6.3,790,800
2011-02-21,2.7,330,330
2012-07-09,315.0,1180,1190
2011-07-02,219.9,600,610
2011-10-19,36.9,470,470
2012-12-20,24.6,740,760
2013-03-04,4.8,500,510
2015-01-12,12.9,760,770
2015-09-23,164.0,620,630
2016-02-10,37.9,660,660
2011-08-10,443.2,580,590
2013-03-21,4.8,520,530
2013-12-11,0.0,1390,1400
2016-05-03,111.9,1700,1720
2016-07-24,334.7,1700,1720
2011-08-28,443.2,600,600
2017-07-25,489.3,670,670
2009-12-10,0.3,1530,1540
2014-09-05,229.5,1700,1700
2017-12-29,14.0,420,440
2010-09-16,192.6,540,550
2016-09-13,233.7,1660,1670
2010-02-16,10.3,290,300
2010-05-16,127.5,390,390
2010-09-29,192.6,660,670
2014-08-31,292.6,1720,1730
2014-12-21,0.6,1520,1540
2016-02-11,37.9,640,650
2009-11-03,9.4,1750,1760
2009-11-25,9.4,1240,1250
2013-03-17,4.8,520,530
2014-12-22,0.6,1500,1520
2012-01-19,40.7,300,320
2013-05-16,195.9,860,870
2017-08-21,264.5,630,640
2011-07-17,219.9,570,580
2013-07-29,263.2,770,780
2016-06-01,172.7,1550,1560
2017-03-26,35.2,410,420
2017-08-10,264.5,630,640
2013-06-21,233.4,760,770
2016-12-06,0.0,800,800
2009-07-21,277.6,1240,1250
2011-03-23,40.5,390,400
2015-05-31,57.6,590,600
2010-03-13,8.0,170,180
2012-10-04,64.2,1110,1120
2015-11-07,2.3,780,790
2016-07-02,334.7,1650,1660
2016-08-30,416.7,1670,1680
2017-01-17,1.4,420,440
2013-04-19,45.6,780,790
2014-01-12,0.9,1340,1350
2014-06-10,193.6,1380,1390
2014-11-03,0.1,1800,1820
2009-08-04,332.7,1260,1270
2010-02-14,10.3,260,270
2010-12-15,29.7,630,630
2013-11-02,0.0,1220,1230
2014-11-04,0.1,1800,1820
2015-10-16,32.7,590,600
2010-04-04,15.9,240,250
2013-01-05,2.5,940,950
2014-05-03,124.4,1340,1350
2017-05-11,106.3,680,690
2011-10-28,36.9,480,490
2013-11-03,0.0,1270,1280
2010-02-27,10.3,220,230
2010-12-24,29.7,590,590
2012-07-21,315.0,1110,1120
2015-10-20,32.7,620,630
2016-08-11,416.7,1680,1700
2014-06-17,193.6,1370,1380
2016-12-17,0.0,620,640
2010-04-18,15.9,270,280
2015-05-20,57.6,620,630
2010-06-10,189.3,400,410
2013-08-07,401.4,760,770
2012-02-08,15.3,470,470
2014-11-13,0.1,1780,1800
2012-05-03,44.2,980,990
2015-02-12,5.5,520,540
2015-04-26,88.7,470,480
2016-08-21,416.7,1660,1660
2009-12-20,0.3,1390,1400
2011-02-18,2.7,310,310
2013-05-09,195.9,880,890
2013-11-10,0.0,1300,1300
2017-01-12,1.4,440,460
2017-01-18,1.4,380,400
2010-06-02,189.3,400,400
2012-07-23,315.0,1100,1110
2013-10-05,353.2,740,750
2015-04-17,88.7,460,470
2014-10-25,56.9,1740,1750
2016-12-11,0.0,660,670
2009-12-13,0.3,1580,1590
2013-01-16,2.5,920,920
2017-04-20,25.8,620,620
2017-09-15,191.4,540,550
2011-04-02,75.0,450,460
2014-03-23,19.9,920,930
2015-05-14,57.6,620,630
2009-08-22,332.7,1440,1450
2011-05-15,132.6,620,630
2012-04-07,57.7,970,980
2016-03-05,14.7,960,970
2016-08-05,416.7,1680,1700
2011-03-07,40.5,490,500
2012-11-29,47.0,1200,1210
2016-06-17,172.7,1630,1640
2011-05-29,132.6,610,610
2013-05-18,195.9,860,860
2013-07-31,263.2,770,780
2009-02-12,1.4,410,420
2009-02-22,1.4,510,520
2011-04-28,75.0,550,560
2011-10-23,36.9,510,510
2012-03-13,4.4,620,630
2012-11-04,47.0,1180,1190
2013-03-29,4.8,570,570
2015-03-31,19.3,560,570
2016-11-15,19.2,1240,1260
2010-09-03,192.6,480,490
2011-06-05,434.5,590,600
2017-12-23,14.0,480,480
2013-03-14,4.8,460,470
2015-06-03,247.2,630,640
2015-07-24,633.1,570,580
2017-02-04,0.0,360,380
2011-03-06,40.5,510,520
2014-07-06,298.7,1400,1410
2015-03-04,19.3,500,510
2017-02-03,0.0,360,380
2017-09-16,191.4,540,550
2016-03-06,14.7,1070,1080
2017-02-10,0.0,360,380
2017-07-13,489.3,590,590
